TAP version 13
# Subtest: surface plan owns every required shell detail without protected film content
ok 1 - surface plan owns every required shell detail without protected film content
  ---
  duration_ms: 5.178975
  type: 'test'
  ...
# Subtest: surface placement contract rejects giant, non-finite or wrongly parented planes
ok 2 - surface placement contract rejects giant, non-finite or wrongly parented planes
  ---
  duration_ms: 1.028338
  type: 'test'
  ...
# Subtest: surface correction caps one route-attached arrowhead without lateral or vertical float
ok 3 - surface correction caps one route-attached arrowhead without lateral or vertical float
  ---
  duration_ms: 0.492521
  type: 'test'
  ...
# Subtest: surface correction anchors the cone base on the sampled route and follows its 3D tangent
ok 4 - surface correction anchors the cone base on the sampled route and follows its 3D tangent
  ---
  duration_ms: 0.897088
  type: 'test'
  ...
# Subtest: surface correction preserves route contact while scaling arrows into the screen-space band
not ok 5 - surface correction preserves route contact while scaling arrows into the screen-space band
  ---
  duration_ms: 2.245147
  type: 'test'
  location: '/home/cristian/prototipos/three.js/disenos/cinemex-hvac-lorawan/tests/surfaces.test.mjs:143:1'
  failureType: 'testCodeFailure'
  error: |-
    Expected values to be strictly equal:
    + actual - expected
    
    + 0.37124999999999997
    - 0.37125
            ^
    
  code: 'ERR_ASSERTION'
  name: 'AssertionError'
  expected: 0.37125
  actual: 0.37124999999999997
  operator: 'strictEqual'
  stack: |-
    TestContext.<anonymous> (file:///home/cristian/prototipos/three.js/disenos/cinemex-hvac-lorawan/tests/surfaces.test.mjs:149:10)
    Test.runInAsyncScope (node:async_hooks:214:14)
    Test.run (node:internal/test_runner/test:1047:25)
    Test.processPendingSubtests (node:internal/test_runner/test:744:18)
    Test.postRun (node:internal/test_runner/test:1173:19)
    Test.run (node:internal/test_runner/test:1101:12)
    async Test.processPendingSubtests (node:internal/test_runner/test:744:7)
  ...
# Subtest: surface correction samples LoRa direction markers on rendered dash intervals
ok 6 - surface correction samples LoRa direction markers on rendered dash intervals
  ---
  duration_ms: 0.710111
  type: 'test'
  ...
# Subtest: surface correction rejects wide, crowded or duplicate projected route markers
ok 7 - surface correction rejects wide, crowded or duplicate projected route markers
  ---
  duration_ms: 0.832939
  type: 'test'
  ...
# Subtest: complete-network uses endpoint hierarchy and four TC rollups while dedicated RS-485 retains every thermostat
ok 8 - complete-network uses endpoint hierarchy and four TC rollups while dedicated RS-485 retains every thermostat
  ---
  duration_ms: 0.377831
  type: 'test'
  ...
# Subtest: complete-network preset keeps endpoint evidence inside margins with useful occupancy
not ok 9 - complete-network preset keeps endpoint evidence inside margins with useful occupancy
  ---
  duration_ms: 3.452034
  type: 'test'
  location: '/home/cristian/prototipos/three.js/disenos/cinemex-hvac-lorawan/tests/surfaces.test.mjs:225:1'
  failureType: 'testCodeFailure'
  error: |-
    Expected values to be strictly deep-equal:
    + actual - expected
    
    + undefined
    - {
    -   fov: 50,
    -   position: [
    -     64,
    -     60,
    -     58
    -   ],
    -   target: [
    -     12,
    -     1.5,
    -     0
    -   ]
    - }
    
  code: 'ERR_ASSERTION'
  name: 'AssertionError'
  expected:
    position:
      0: 64
      1: 60
      2: 58
    target:
      0: 12
      1: 1.5
      2: 0
    fov: 50
  operator: 'deepStrictEqual'
  stack: |-
    TestContext.<anonymous> (file:///home/cristian/prototipos/three.js/disenos/cinemex-hvac-lorawan/tests/surfaces.test.mjs:226:10)
    Test.runInAsyncScope (node:async_hooks:214:14)
    Test.run (node:internal/test_runner/test:1047:25)
    Test.processPendingSubtests (node:internal/test_runner/test:744:18)
    Test.postRun (node:internal/test_runner/test:1173:19)
    Test.run (node:internal/test_runner/test:1101:12)
    async Test.processPendingSubtests (node:internal/test_runner/test:744:7)
  ...
# Subtest: corridor surface camera stays below roof members and focuses wayfinding height
ok 10 - corridor surface camera stays below roof members and focuses wayfinding height
  ---
  duration_ms: 0.961243
  type: 'test'
  ...
# Subtest: surface atlas is one deterministic shared sRGB mipmapped texture with bounded anisotropy
ok 11 - surface atlas is one deterministic shared sRGB mipmapped texture with bounded anisotropy
  ---
  duration_ms: 3.705166
  type: 'test'
  ...
# Subtest: surface integration uses one atlas and deterministic poster/display query frames
not ok 12 - surface integration uses one atlas and deterministic poster/display query frames
  ---
  duration_ms: 29.574401
  type: 'test'
  location: '/home/cristian/prototipos/three.js/disenos/cinemex-hvac-lorawan/tests/surfaces.test.mjs:309:1'
  failureType: 'testCodeFailure'
  error: |-
    The input did not match the regular expression /\[0\.15, 0\.29, 0\.43, 0\.575\]/. Input:
    
    'import {\n' +
      '  AUDITORIUMS,\n' +
      '  GATEWAYS,\n' +
      '  TC300_DEVICES,\n' +
      '  UC100_DEVICES,\n' +
      "} from '../config.mjs';\n" +
      'import {\n' +
      '  SURFACE_DIRECTION_MARKER,\n' +
      '  SURFACE_NETWORK_LABEL_POLICY,\n' +
      '  createDirectionMarkerPlacement,\n' +
      '  createDirectionMarkerViewTransform,\n' +
      '  createSurfaceAtlas,\n' +
      '  createSurfaceDetailPlan,\n' +
      '  isDirectionMarkerSampleVisibleOnDashedRoute,\n' +
      '  resolveDirectionMarkerScale,\n' +
      '  validateSurfacePlacements,\n' +
      "} from './surfaces.js';\n" +
      '\n' +
      '// SCALE: 1 world unit = 1 metre. Structural geometry stays finish-agnostic.\n' +
      "export const ARCHITECTURE_ASSET_ID = 'shell-circulation-facade';\n" +
      '\n' +
      "const REQUIREMENT_ARCHITECTURE = Object.freeze(['CIN-ARCH-001']);\n" +
      "const REQUIREMENT_FACADE = Object.freeze(['CIN-ARCH-001', 'CIN-ARCH-002']);\n" +
      'const PORTAL_CENTRES_Z = Object.freeze([6.25, -1.65, -8.95, -15.55]);\n' +
      'const AUDITORIUM_FAMILY_PROFILES = deepFreeze({\n' +
      '  large: {\n' +
      '    proxyWidth: 24,\n' +
      '    proxyDepth: 8,\n' +
      '    volumeHeight: 8.4,\n' +
      '    tierCount: 7,\n' +
      '    screenSize: [0.18, 5.2, 7.2],\n' +
      '  },\n' +
      '  medium: {\n' +
      '    proxyWidth: 20,\n' +
      '    proxyDepth: 5.6,\n' +
      '    volumeHeight: 6,\n' +
      '    tierCount: 5,\n' +
      '    screenSize: [0.18, 3.9, 5],\n' +
      '  },\n' +
      '  small: {\n' +
      '    proxyWidth: 16,\n' +
      '    proxyDepth: 3.5,\n' +
      '    volumeHeight: 3.8,\n' +
      '    tierCount: 3,\n' +
      '    screenSize: [0.18, 2.7, 3.2],\n' +
      '  },\n' +
      '});\n' +
      'const STRUCTURAL_FAMILY_PROFILES = deepFreeze({\n' +
      '  large: { width: 24, height: 8.4, tiers: 7 },\n' +
      '  medium: { width: 20, height: 7.2, tiers: 5 },\n' +
      '  small: { width: 16, height: 6, tiers: 3 },\n' +
      '});\n' +
      '\n' +
      'function deepFreeze(value) {\n' +
      "  if (value && typeof value === 'object' && !Object.isFrozen(value)) {\n" +
      '    Object.freeze(value);\n' +
      '    for (const child of Object.values(value)) deepFreeze(child);\n' +
      '  }\n' +
      '  return value;\n' +
      '}\n' +
      '\n' +
      'function metadata(entityId, kind, requirementIds = REQUIREMENT_ARCHITECTURE, extra = {}) {\n' +
      '  return {\n' +
      '    entityId,\n' +
      '    assetId: ARCHITECTURE_ASSET_ID,\n' +
      '    kind,\n' +
      '    requirementIds,\n' +
      "    pass: 'blockout',\n" +
      '    ...extra,\n' +
      '  };\n' +
      '}\n' +
      '\n' +
      'function structuralMetadata(entityId, kind, requirementIds = REQUIREMENT_ARCHITECTURE, extra = {}) {\n' +
      '  return metadata(entityId, kind, requirementIds, {\n' +
      "    pass: 'structural',\n" +
      '    temporaryProxy: false,\n' +
      '    ...extra,\n' +
      '  });\n' +
      '}\n' +
      '\n' +
      'function surfaceMetadata(entityId, kind, requirementIds = REQUIREMENT_ARCHITECTURE, extra = {}) {\n' +
      '  return metadata(entityId, kind, requirementIds, {\n' +
      "    pass: 'surface',\n" +
      '    temporaryProxy: false,\n' +
      '    generated: true,\n' +
      '    protectedContentSafe: true,\n' +
      '    ...extra,\n' +
      '  });\n' +
      '}\n' +
      '\n' +
      'function technicalRoom(id, x) {\n' +
      '  return {\n' +
      '    id,\n' +
      '    bounds: { x, z: [-22.2, -20.2] },\n' +
      "    metadata: metadata(id, 'technical-room', REQUIREMENT_ARCHITECTURE, {\n" +
      "      circulationConnection: 'rear-service-corridor',\n" +
      '    }),\n' +
      '  };\n' +
      '}\n' +
      '\n' +
      'function endpoint(id, kind, position, size, materialKey) {\n' +
      '  return {\n' +
      '    id,\n' +
      '    kind,\n' +
      '    position,\n' +
      '    size,\n' +
      '    materialKey,\n' +
      "    metadata: metadata(id, kind, ['HVAC-IOT-003'], { temporaryProxy: true }),\n" +
      '  };\n' +
      '}\n' +
      '\n' +
      'function billboard(\n' +
      '  id,\n' +
      '  kind,\n' +
      '  text,\n' +
      '  position,\n' +
      '  scale,\n' +
      '  layer,\n' +
      '  accent,\n' +
      "  visibilityScope = 'always',\n" +
      '  metadataExtra = {},\n' +
      ') {\n' +
      '  return {\n' +
      '    id,\n' +
      '    kind,\n' +
      '    text,\n' +
      '    position,\n' +
      '    scale,\n' +
      '    layer,\n' +
      '    accent,\n' +
      '    billboard: true,\n' +
      '    halo: true,\n' +
      '    visibilityScope,\n' +
      "    metadata: metadata(id, `${kind}-billboard`, ['CIN-ARCH-001', 'HVAC-IOT-003'], {\n" +
      '      temporaryProxy: true,\n' +
      '      ...metadataExtra,\n' +
      '    }),\n' +
      '  };\n' +
      '}\n' +
      '\n' +
      '/** Pure, serializable authority consumed by tests and the Three.js adapter. */\n' +
      'export function createArchitecturePlan() {\n' +
      '  const portals = [];\n' +
      "  for (const side of ['west', 'east']) {\n" +
      "    const offset = side === 'west' ? 0 : 4;\n" +
      '    for (let index = 0; index < 4; index += 1) {\n' +
      '      const roomNumber = offset + index + 1;\n' +
      '      portals.push({\n' +
      '        id: `portal-sala-${roomNumber}`,\n' +
      '        auditoriumId: `auditorium-sala-${roomNumber}`,\n' +
      '        side,\n' +
      "        position: [side === 'west' ? -4.05 : 4.05, 1.2, PORTAL_CENTRES_Z[index]],\n" +
      '        width: 2.2,\n' +
      '        height: 2.4,\n' +
      "        metadata: metadata(`portal-sala-${roomNumber}`, 'auditorium-portal', REQUIREMENT_ARCHITECTURE, {\n" +
      '          roomNumber,\n' +
      '          accessible: true,\n' +
      '        }),\n' +
      '      });\n' +
      '    }\n' +
      '  }\n' +
      '\n' +
      '  const auditoriums = AUDITORIUMS.map((room) => ({\n' +
      '    id: room.id,\n' +
      '    zoneId: room.zoneId,\n' +
      '    family: room.family,\n' +
      '    capacity: room.capacity,\n' +
      '    bounds: room.bounds,\n' +
      '    height: room.height,\n' +
      "    metadata: metadata(room.id, 'auditorium-mass', REQUIREMENT_ARCHITECTURE, {\n" +
      '      family: room.family,\n' +
      "      roomNumber: Number(room.zoneId.split('-')[1]),\n" +
      '    }),\n' +
      '  }));\n' +
      '  const frontOfHouse = [\n' +
      "    ['foh-lobby', 'lobby', [16, 0.18, 19], [24, 0.36, 5], 'foh-lobby'],\n" +
      "    ['foh-ticketing', 'ticketing', [-21, 1.2, 19], [10, 2.4, 1.6], 'foh-ticket'],\n" +
      "    ['foh-waiting', 'waiting', [19, 0.55, 17.5], [8, 1.1, 2.4], 'foh-waiting'],\n" +
      "    ['foh-concession', 'concession-counter', [0, 1.1, 16], [24, 2.2, 1.4], 'foh-concession'],\n" +
      "    ['foh-kitchen', 'kitchen-workline', [-8.5, 1, 12.5], [12, 2, 3.2], 'foh-kitchen'],\n" +
      "    ['foh-checkpoint', 'checkpoint-lane', [0, 0.9, 11.7], [8, 1.8, 2.4], 'foh-checkpoint'],\n" +
      '  ].map(([id, kind, position, size, materialKey]) => ({\n' +
      '    id,\n' +
      '    kind,\n' +
      '    position,\n' +
      '    size,\n' +
      '    materialKey,\n' +
      "    ...(kind === 'checkpoint-lane' ? { accessGapWidth: 2.4, openAccess: true } : {}),\n" +
      '    metadata: metadata(id, `front-of-house-${kind}`, REQUIREMENT_FACADE, { temporaryProxy: true }),\n' +
      '  }));\n' +
      '\n' +
      '  const external = [\n' +
      "    endpoint('router-firewall-proxy', 'router', [36, 1.2, 0], [1.8, 1.3, 1.2], 'endpoint-router'),\n" +
      "    endpoint('internet-cloud-proxy', 'cloud', [42, 2.2, 0], [2.5, 1.7, 1.2], 'endpoint-cloud'),\n" +
      "    endpoint('niagara-server-proxy', 'server', [48, 1.8, 0], [2.2, 3.2, 1.4], 'endpoint-server'),\n" +
      "    endpoint('pc-proxy', 'pc', [54, 1.2, 8], [1.8, 1.4, 0.5], 'endpoint-pc'),\n" +
      "    endpoint('tablet-proxy', 'tablet', [54, 1, 0], [1.1, 1.4, 0.35], 'endpoint-tablet'),\n" +
      "    endpoint('phone-proxy', 'phone', [54, 1, -8], [0.65, 1.25, 0.28], 'endpoint-phone'),\n" +
      '  ];\n' +
      "  const ug67 = endpoint('UG67-01-proxy', 'ug67', GATEWAYS[0].position, [0.7, 1, 0.32], 'gateway-dark');\n" +
      '  ug67.antennas = 2;\n' +
      '\n' +
      '  const rs485Trunks = [\n' +
      '    {\n' +
      "      id: 'rs485-trunk-a',\n" +
      "      groupId: 'A',\n" +
      "      uc100Id: 'UC100-A',\n" +
      '      start: [-24, 2.8, 14.5],\n' +
      '      end: [13, 2.8, 14.5],\n' +
      "      cabinetEnd: UC100_DEVICES.find(({ id }) => id === 'UC100-A').position,\n" +
      '    },\n' +
      '    {\n' +
      "      id: 'rs485-trunk-b',\n" +
      "      groupId: 'B',\n" +
      "      uc100Id: 'UC100-B',\n" +
      '      start: [-4.85, 0.22, 6.2],\n' +
      '      end: [-4.85, 0.22, -21.2],\n' +
      "      cabinetEnd: UC100_DEVICES.find(({ id }) => id === 'UC100-B').position,\n" +
      '    },\n' +
      '    {\n' +
      "      id: 'rs485-trunk-c',\n" +
      "      groupId: 'C',\n" +
      "      uc100Id: 'UC100-C',\n" +
      '      start: [4.85, 0.22, 6.2],\n' +
      '      end: [4.85, 0.22, -21.2],\n' +
      "      cabinetEnd: UC100_DEVICES.find(({ id }) => id === 'UC100-C').position,\n" +
      '    },\n' +
      '    {\n' +
      "      id: 'rs485-trunk-d',\n" +
      "      groupId: 'D',\n" +
      "      uc100Id: 'UC100-D',\n" +
      '      start: [-12.7, 2.8, 11.2],\n' +
      '      end: [-5.2, 2.8, 11.2],\n' +
      "      cabinetEnd: UC100_DEVICES.find(({ id }) => id === 'UC100-D').position,\n" +
      '    },\n' +
      "  ].map((trunk) => ({ ...trunk, metadata: metadata(trunk.id, 'rs485-trunk', ['HVAC-IOT-003']) }));\n" +
      '  const rs485Drops = TC300_DEVICES.map((device) => {\n' +
      '    let end;\n' +
      "    if (device.uc100Id === 'UC100-A') end = [device.position[0], 2.8, 14.5];\n" +
      "    else if (device.uc100Id === 'UC100-B') end = [-4.85, 0.22, device.position[2]];\n" +
      "    else if (device.uc100Id === 'UC100-C') end = [4.85, 0.22, device.position[2]];\n" +
      '    else end = [-12.7, 2.8, 11.2];\n' +
      '    return {\n' +
      '      id: `rs485-drop-${device.id}`,\n' +
      '      tc300Id: device.id,\n' +
      '      uc100Id: device.uc100Id,\n' +
      '      start: device.position,\n' +
      '      end,\n' +
      "      metadata: metadata(`rs485-drop-${device.id}`, 'rs485-drop', ['HVAC-IOT-003']),\n" +
      '    };\n' +
      '  });\n' +
      '  const lorawanLanes = {\n' +
      "    'UC100-A': { via: [18, 6.4, 8], renderEnd: [3.8, 4.1, 2] },\n" +
      "    'UC100-B': { via: [-24, 6.8, -5], renderEnd: [2.5, 3.8, 2] },\n" +
      "    'UC100-C': { via: [25, 7.2, -5], renderEnd: [3.8, 3.8, 2] },\n" +
      "    'UC100-D': { via: [-12, 7.6, 8], renderEnd: [3.15, 4.5, 2] },\n" +
      '  };\n' +
      '  const lorawanLinks = UC100_DEVICES.map((device) => ({\n' +
      '    id: `lorawan-${device.id}-UG67-01`,\n' +
      '    from: device.id,\n' +
      "    to: 'UG67-01',\n" +
      '    start: device.position,\n' +
      '    end: GATEWAYS[0].position,\n' +
      '    via: [lorawanLanes[device.id].via],\n' +
      '    renderEnd: lorawanLanes[device.id].renderEnd,\n' +
      '    physical: false,\n' +
      "    metadata: metadata(`lorawan-${device.id}-UG67-01`, 'lorawan-link', ['HVAC-IOT-003']),\n" +
      '  }));\n' +
      '  const ipPoints = [GATEWAYS[0].position, ...external.slice(0, 3).map(({ position }) => position)];\n' +
      '\n' +
      "  const familyTag = { large: 'L', medium: 'M', small: 'S' };\n" +
      '  const architectureBillboards = [\n' +
      '    ...auditoriums.map((room, index) => billboard(\n' +
      '      `room-family-label-${index + 1}`,\n' +
      "      'room-family',\n" +
      '      `${index + 1} · ${familyTag[room.family]}`,\n' +
      '      [centre(room.bounds.x), room.height + 1.15, centre(room.bounds.z)],\n' +
      '      [5.2, 1.45],\n' +
      "      'labels',\n" +
      "      '#e11d48',\n" +
      "      'overview',\n" +
      '    )),\n' +
      "    billboard('foh-label-lobby-tickets', 'foh', 'LOBBY / TICKETS', [-10.5, 3.8, 19], [8.4, 1.2], 'labels', '#f59e0b', 'overview'),\n" +
      "    billboard('foh-label-concessions', 'foh', 'CONCESSIONS', [0, 3.7, 16], [7.2, 1.2], 'labels', '#e11d48', 'overview'),\n" +
      "    billboard('foh-label-kitchen', 'foh', 'KITCHEN', [-8.5, 3.7, 12.5], [5.3, 1.1], 'labels', '#94a3b8', 'overview'),\n" +
      "    billboard('foh-label-checkpoint', 'foh', 'CHECKPOINT', [7.5, 3.5, 12], [6.4, 1.1], 'labels', '#16a34a', 'overview'),\n" +
      "    billboard('rear-strip-label', 'rear-strip', 'REAR SERVICE', [0, 5.55, -20.5], [8.2, 1.25], 'labels', '#0ea5e9', 'overview'),\n" +
      '  ];\n' +
      "  const externalText = ['ROUTER', 'INTERNET', 'NIAGARA', 'PC', 'TABLET', 'PHONE'];\n" +
      '  const technicalBillboards = [\n' +
      '    ...TC300_DEVICES.map((device, index) => billboard(\n' +
      '      `tc-label-${device.id}`,\n' +
      "      'tc300',\n" +
      "      `TC${String(index + 1).padStart(2, '0')}`,\n" +
      '      [device.position[0], device.position[1] + 1.05, device.position[2]],\n' +
      '      [2.1, 0.58],\n' +
      "      'hvac',\n" +
      "      '#38bdf8',\n" +
      '    )),\n' +
      '    ...UC100_DEVICES.map((device, index) => {\n' +
      '      const anchorOffset = [\n' +
      '        index % 2 === 0 ? 2.8 : -2.8,\n' +
      '        1.25 + index * 0.18,\n' +
      '        index < 2 ? 1.2 : -1.2,\n' +
      '      ];\n' +
      '      return billboard(\n' +
      '        `uc-label-${device.id}`,\n' +
      '     '... 93453 more characters
    
  code: 'ERR_ASSERTION'
  name: 'AssertionError'
  expected:
  actual: |-
    import {
      AUDITORIUMS,
      GATEWAYS,
      TC300_DEVICES,
      UC100_DEVICES,
    } from '../config.mjs';
    import {
      SURFACE_DIRECTION_MARKER,
      SURFACE_NETWORK_LABEL_POLICY,
      createDirectionMarkerPlacement,
      createDirectionMarkerViewTransform,
      createSurfaceAtlas,
      createSurfaceDetailPlan,
      isDirectionMarkerSampleVisibleOnDashedRoute,
      resolveDirectionMarkerScale,
      validateSurfacePlacements,
    } from './surfaces.js';
    
    // SCALE: 1 world unit = 1 metre. Structural geometry stays finish-agnostic.
    export const ARCHITECTURE_ASSET_ID = 'shell-circulation-facade';
    
    const REQUIREMENT_ARCHITECTURE = Object.freeze(['CIN-ARCH-001']);
    const REQUIREMENT_FACADE = Object.freeze(['CIN-ARCH-001', 'CIN-ARCH-002']);
    const PORTAL_CENTRES_Z = Object.freeze([6.25, -1.65, -8.95, -15.55]);
    const AUDITORIUM_FAMILY_PROFILES = deepFreeze({
      large: {
        proxyWidth: 24,
        proxyDepth: 8,
        volumeHeight: 8.4,
        tierCount: 7,
        screenSize: [0.18, 5.2, 7.2],
      },
      medium: {
        proxyWidth: 20,
        proxyDepth: 5.6,
        volumeHeight: 6,
        tierCount: 5,
        screenSize: [0.18, 3.9, 5],
      },
      small: {
        proxyWidth: 16,
        proxyDepth: 3.5,
        volumeHeight: 3.8,
        tierCount: 3,
        screenSize: [0.18, 2.7, 3.2],
      },
    });
    const STRUCTURAL_FAMILY_PROFILES = deepFreeze({
      large: { width: 24, height: 8.4, tiers: 7 },
      medium: { width: 20, height: 7.2, tiers: 5 },
      small: { width: 16, height: 6, tiers: 3 },
    });
    
    function deepFreeze(value) {
      if (value && typeof value === 'object' && !Object.isFrozen(value)) {
        Object.freeze(value);
        for (const child of Object.values(value)) deepFreeze(child);
      }
      return value;
    }
    
    function metadata(entityId, kind, requirementIds = REQUIREMENT_ARCHITECTURE, extra = {}) {
      return {
        entityId,
        assetId: ARCHITECTURE_ASSET_ID,
        kind,
        requirementIds,
        pass: 'blockout',
        ...extra,
      };
    }
    
    function structuralMetadata(entityId, kind, requirementIds = REQUIREMENT_ARCHITECTURE, extra = {}) {
      return metadata(entityId, kind, requirementIds, {
        pass: 'structural',
        temporaryProxy: false,
        ...extra,
      });
    }
    
    function surfaceMetadata(entityId, kind, requirementIds = REQUIREMENT_ARCHITECTURE, extra = {}) {
      return metadata(entityId, kind, requirementIds, {
        pass: 'surface',
        temporaryProxy: false,
        generated: true,
        protectedContentSafe: true,
        ...extra,
      });
    }
    
    function technicalRoom(id, x) {
      return {
        id,
        bounds: { x, z: [-22.2, -20.2] },
        metadata: metadata(id, 'technical-room', REQUIREMENT_ARCHITECTURE, {
          circulationConnection: 'rear-service-corridor',
        }),
      };
    }
    
    function endpoint(id, kind, position, size, materialKey) {
      return {
        id,
        kind,
        position,
        size,
        materialKey,
        metadata: metadata(id, kind, ['HVAC-IOT-003'], { temporaryProxy: true }),
      };
    }
    
    function billboard(
      id,
      kind,
      text,
      position,
      scale,
      layer,
      accent,
      visibilityScope = 'always',
      metadataExtra = {},
    ) {
      return {
        id,
        kind,
        text,
        position,
        scale,
        layer,
        accent,
        billboard: true,
        halo: true,
        visibilityScope,
        metadata: metadata(id, `${kind}-billboard`, ['CIN-ARCH-001', 'HVAC-IOT-003'], {
          temporaryProxy: true,
          ...metadataExtra,
        }),
      };
    }
    
    /** Pure, serializable authority consumed by tests and the Three.js adapter. */
    export function createArchitecturePlan() {
      const portals = [];
      for (const side of ['west', 'east']) {
        const offset = side === 'west' ? 0 : 4;
        for (let index = 0; index < 4; index += 1) {
          const roomNumber = offset + index + 1;
          portals.push({
            id: `portal-sala-${roomNumber}`,
            auditoriumId: `auditorium-sala-${roomNumber}`,
            side,
            position: [side === 'west' ? -4.05 : 4.05, 1.2, PORTAL_CENTRES_Z[index]],
            width: 2.2,
            height: 2.4,
            metadata: metadata(`portal-sala-${roomNumber}`, 'auditorium-portal', REQUIREMENT_ARCHITECTURE, {
              roomNumber,
              accessible: true,
            }),
          });
        }
      }
    
      const auditoriums = AUDITORIUMS.map((room) => ({
        id: room.id,
        zoneId: room.zoneId,
        family: room.family,
        capacity: room.capacity,
        bounds: room.bounds,
        height: room.height,
        metadata: metadata(room.id, 'auditorium-mass', REQUIREMENT_ARCHITECTURE, {
          family: room.family,
          roomNumber: Number(room.zoneId.split('-')[1]),
        }),
      }));
      const frontOfHouse = [
        ['foh-lobby', 'lobby', [16, 0.18, 19], [24, 0.36, 5], 'foh-lobby'],
        ['foh-ticketing', 'ticketing', [-21, 1.2, 19], [10, 2.4, 1.6], 'foh-ticket'],
        ['foh-waiting', 'waiting', [19, 0.55, 17.5], [8, 1.1, 2.4], 'foh-waiting'],
        ['foh-concession', 'concession-counter', [0, 1.1, 16], [24, 2.2, 1.4], 'foh-concession'],
        ['foh-kitchen', 'kitchen-workline', [-8.5, 1, 12.5], [12, 2, 3.2], 'foh-kitchen'],
        ['foh-checkpoint', 'checkpoint-lane', [0, 0.9, 11.7], [8, 1.8, 2.4], 'foh-checkpoint'],
      ].map(([id, kind, position, size, materialKey]) => ({
        id,
        kind,
        position,
        size,
        materialKey,
        ...(kind === 'checkpoint-lane' ? { accessGapWidth: 2.4, openAccess: true } : {}),
        metadata: metadata(id, `front-of-house-${kind}`, REQUIREMENT_FACADE, { temporaryProxy: true }),
      }));
    
      const external = [
        endpoint('router-firewall-proxy', 'router', [36, 1.2, 0], [1.8, 1.3, 1.2], 'endpoint-router'),
        endpoint('internet-cloud-proxy', 'cloud', [42, 2.2, 0], [2.5, 1.7, 1.2], 'endpoint-cloud'),
        endpoint('niagara-server-proxy', 'server', [48, 1.8, 0], [2.2, 3.2, 1.4], 'endpoint-server'),
        endpoint('pc-proxy', 'pc', [54, 1.2, 8], [1.8, 1.4, 0.5], 'endpoint-pc'),
        endpoint('tablet-proxy', 'tablet', [54, 1, 0], [1.1, 1.4, 0.35], 'endpoint-tablet'),
        endpoint('phone-proxy', 'phone', [54, 1, -8], [0.65, 1.25, 0.28], 'endpoint-phone'),
      ];
      const ug67 = endpoint('UG67-01-proxy', 'ug67', GATEWAYS[0].position, [0.7, 1, 0.32], 'gateway-dark');
      ug67.antennas = 2;
    
      const rs485Trunks = [
        {
          id: 'rs485-trunk-a',
          groupId: 'A',
          uc100Id: 'UC100-A',
          start: [-24, 2.8, 14.5],
          end: [13, 2.8, 14.5],
          cabinetEnd: UC100_DEVICES.find(({ id }) => id === 'UC100-A').position,
        },
        {
          id: 'rs485-trunk-b',
          groupId: 'B',
          uc100Id: 'UC100-B',
          start: [-4.85, 0.22, 6.2],
          end: [-4.85, 0.22, -21.2],
          cabinetEnd: UC100_DEVICES.find(({ id }) => id === 'UC100-B').position,
        },
        {
          id: 'rs485-trunk-c',
          groupId: 'C',
          uc100Id: 'UC100-C',
          start: [4.85, 0.22, 6.2],
          end: [4.85, 0.22, -21.2],
          cabinetEnd: UC100_DEVICES.find(({ id }) => id === 'UC100-C').position,
        },
        {
          id: 'rs485-trunk-d',
          groupId: 'D',
          uc100Id: 'UC100-D',
          start: [-12.7, 2.8, 11.2],
          end: [-5.2, 2.8, 11.2],
          cabinetEnd: UC100_DEVICES.find(({ id }) => id === 'UC100-D').position,
        },
      ].map((trunk) => ({ ...trunk, metadata: metadata(trunk.id, 'rs485-trunk', ['HVAC-IOT-003']) }));
      const rs485Drops = TC300_DEVICES.map((device) => {
        let end;
        if (device.uc100Id === 'UC100-A') end = [device.position[0], 2.8, 14.5];
        else if (device.uc100Id === 'UC100-B') end = [-4.85, 0.22, device.position[2]];
        else if (device.uc100Id === 'UC100-C') end = [4.85, 0.22, device.position[2]];
        else end = [-12.7, 2.8, 11.2];
        return {
          id: `rs485-drop-${device.id}`,
          tc300Id: device.id,
          uc100Id: device.uc100Id,
          start: device.position,
          end,
          metadata: metadata(`rs485-drop-${device.id}`, 'rs485-drop', ['HVAC-IOT-003']),
        };
      });
      const lorawanLanes = {
        'UC100-A': { via: [18, 6.4, 8], renderEnd: [3.8, 4.1, 2] },
        'UC100-B': { via: [-24, 6.8, -5], renderEnd: [2.5, 3.8, 2] },
        'UC100-C': { via: [25, 7.2, -5], renderEnd: [3.8, 3.8, 2] },
        'UC100-D': { via: [-12, 7.6, 8], renderEnd: [3.15, 4.5, 2] },
      };
      const lorawanLinks = UC100_DEVICES.map((device) => ({
        id: `lorawan-${device.id}-UG67-01`,
        from: device.id,
        to: 'UG67-01',
        start: device.position,
        end: GATEWAYS[0].position,
        via: [lorawanLanes[device.id].via],
        renderEnd: lorawanLanes[device.id].renderEnd,
        physical: false,
        metadata: metadata(`lorawan-${device.id}-UG67-01`, 'lorawan-link', ['HVAC-IOT-003']),
      }));
      const ipPoints = [GATEWAYS[0].position, ...external.slice(0, 3).map(({ position }) => position)];
    
      const familyTag = { large: 'L', medium: 'M', small: 'S' };
      const architectureBillboards = [
        ...auditoriums.map((room, index) => billboard(
          `room-family-label-${index + 1}`,
          'room-family',
          `${index + 1} · ${familyTag[room.family]}`,
          [centre(room.bounds.x), room.height + 1.15, centre(room.bounds.z)],
          [5.2, 1.45],
          'labels',
          '#e11d48',
          'overview',
        )),
        billboard('foh-label-lobby-tickets', 'foh', 'LOBBY / TICKETS', [-10.5, 3.8, 19], [8.4, 1.2], 'labels', '#f59e0b', 'overview'),
        billboard('foh-label-concessions', 'foh', 'CONCESSIONS', [0, 3.7, 16], [7.2, 1.2], 'labels', '#e11d48', 'overview'),
        billboard('foh-label-kitchen', 'foh', 'KITCHEN', [-8.5, 3.7, 12.5], [5.3, 1.1], 'labels', '#94a3b8', 'overview'),
        billboard('foh-label-checkpoint', 'foh', 'CHECKPOINT', [7.5, 3.5, 12], [6.4, 1.1], 'labels', '#16a34a', 'overview'),
        billboard('rear-strip-label', 'rear-strip', 'REAR SERVICE', [0, 5.55, -20.5], [8.2, 1.25], 'labels', '#0ea5e9', 'overview'),
      ];
      const externalText = ['ROUTER', 'INTERNET', 'NIAGARA', 'PC', 'TABLET', 'PHONE'];
      const technicalBillboards = [
        ...TC300_DEVICES.map((device, index) => billboard(
          `tc-label-${device.id}`,
          'tc300',
          `TC${String(index + 1).padStart(2, '0')}`,
          [device.position[0], device.position[1] + 1.05, device.position[2]],
          [2.1, 0.58],
          'hvac',
          '#38bdf8',
        )),
        ...UC100_DEVICES.map((device, index) => {
          const anchorOffset = [
            index % 2 === 0 ? 2.8 : -2.8,
            1.25 + index * 0.18,
            index < 2 ? 1.2 : -1.2,
          ];
          return billboard(
            `uc-label-${device.id}`,
            'uc100',
            `UC-${device.id.at(-1)}`,
            [
              device.position[0] + anchorOffset[0],
              device.position[1] + anchorOffset[1],
              device.position[2] + anchorOffset[2],
            ],
            [2.5, 0.65],
            'hvac',
            '#f8fafc',
            'always',
            { anchorOffset },
          );
        }),
        billboard('gateway-label', 'ug67', 'UG67', [4.1, 4.15, 1.4], [1.2, 0.3], 'hvac', '#38bdf8'),
        ...external.map((node, index) => billboard(
          `external-label-${node.id}`,
          'external',
          externalText[index],
          [node.position[0], node.position[1] + node.size[1] / 2 + 1, node.position[2]],
          [3.7, 0.75],
          'internet',
          '#2563eb',
        )),
        ...rs485Trunks.map((trunk) => billboard(
          `bus-label-${trunk.groupId}`,
          'bus-group',
          `BUS ${trunk.groupId}`,
          [(trunk.start[0] + trunk.end[0]) / 2, Math.max(trunk.start[1], trunk.end[1]) + 1.1, (trunk.start[2] + trunk.end[2]) / 2],
          [2.8, 0.68],
          'rs485',
          '#22c55e',
        )),
      ];
    
      const rearTechnical = {
        serviceCorridor: {
          id: 'rear-service-corridor',
          bounds: { x: [-29, 29], z: [-20, -18.5] },
          clearWidth: 1.5,
          metadata: metadata('rear-service-corridor', 'service-circulation'),
        },
        separatingWall: { z: [-20.2, -20], thickness: 0.2 },
        rooms: [
          technicalRoom('electrical-storage-janitor', [-29, -20.5]),
          technicalRoom('left-control', [-20, -12]),
          technicalRoom('hvac-control-telecom', [3.8, 11.5]),
          technicalRoom('right-control', [12, 20]),
        ],
      };
      const facade = {
        marquee: {
          id: 'facade-red-marquee',
          position: [0, 4.25, 22.7],
          size: [34, 0.55, 2.2],
          materialKey: 'brand-red',
          metadata: metadata('facade-red-marquee', 'facade-marquee', REQUIREMENT_FACADE),
        },
        identity: {
          id: 'cinemex-wordmark-blockout',
          text: 'Cinemex',
          kind: 'seven-segment-wordmark-proxy',
          position: [0, 5.18, 23.05],
          size: [15, 0.95, 0.24],
          metadata: metadata('cinemex-wordmark-blockout', 'facade-identity', REQUIREMENT_FACADE),
        },
        entrances: [-4.8, -2.4, 0, 2.4, 4.8].map((x, index) => ({
          id: `entrance-${index + 1}`,
          position: [x, 1.35, 22.35],
          size: [1.8, 2.7, 0.16],
          accessibleWidth: index === 2 ? 1.4 : 0.9,
          metadata: metadata(`entrance-${index + 1}`, 'glazed-entrance', REQUIREMENT_FACADE, {
            accessible: index === 2,
          }),
        })),
      };
    
      const rs485RoutePoints = {
        'UC100-A': [[8, 1.55, 11], [8, 2.8, 11], [8, 2.8, 14.5], [-24, 2.8, 14.5]],
        'UC100-B': [[-16, 1.55, -21.2], [-16, 0.8, -21.2], [-16, 0.8, -20.1], [-3.15, 0.8, -20.1], [-3.15, 0.35, -20.1], [-3.15, 0.35, 6.2]],
        'UC100-C': [[16, 1.55, -21.2], [16, 0.8, -21.2], [16, 0.8, -20.1], [3.15, 0.8, -20.1], [3.15, 0.35, -20.1], [3.15, 0.35, 6.2]],
        'UC100-D': [[-5.2, 1.55, 13.2], [-5.2, 2.8, 13.2], [-5.2, 2.8, 11.2], [-12.7, 2.8, 11.2]],
      };
      const rs485Routes = UC100_DEVICES.map((device) => ({
        id: `${device.id}-contained-route`,
        terminalOwner: device.id,
        points: rs485RoutePoints[device.id],
        terminalPosition: device.position,
        trayBacked: true,
        junctionContact: true,
        contactCoherent: true,
        metadata: structuralMetadata(`${device.id}-contained-route`, 'contained-rs485-trunk', ['HVAC-IOT-003']),
      }));
      const tc300Drops = TC300_DEVICES.map((device) => {
        let junction;
        let intermediate;
        if (device.uc100Id === 'UC100-A') {
          junction = [device.position[0], 2.8, 14.5];
          intermediate = [device.position[0], 2.8, device.position[2]];
        } else if (device.uc100Id === 'UC100-B') {
          junction = [-3.15, 0.35, device.position[2]];
          intermediate = [-3.15, 1.8, device.position[2]];
        } else if (device.uc100Id === 'UC100-C') {
          junction = [3.15, 0.35, device.position[2]];
          intermediate = [3.15, 1.8, device.position[2]];
        } else {
          junction = [-12.7, 2.8, 11.2];
          intermediate = [-12.7, 2.8, device.position[2]];
        }
        const points = [
          { position: junction, kind: 'junction' },
          { position: intermediate, kind: 'tray' },
        ];
        if (device.uc100Id === 'UC100-B' || device.uc100Id === 'UC100-C') {
          points.push({
            position: [device.uc100Id === 'UC100-B' ? -3.72 : 3.72, 1.8, device.position[2]],
            kind: 'wall-sleeve',
          });
          points.push({ position: [device.position[0], 1.8, device.position[2]], kind: 'room-tray' });
        }
        points.push({ position: device.position, kind: 'terminal', owner: device.id });
        return {
          id: `${device.id}-contained-drop`,
          terminalOwner: device.id,
          uc100Owner: device.uc100Id,
          junctionId: `junction-${device.id}`,
          points,
          terminalPosition: device.position,
          trayBacked: true,
          junctionContact: true,
          contactCoherent: true,
          metadata: structuralMetadata(`${device.id}-contained-drop`, 'contained-rs485-drop', ['HVAC-IOT-003']),
        };
      });
      const auditoriumWallCrossings = TC300_DEVICES
        .filter(({ uc100Id }) => uc100Id === 'UC100-B' || uc100Id === 'UC100-C')
        .map((device) => ({
          id: `sleeve-${device.id}`,
          deviceId: device.id,
          position: [device.uc100Id === 'UC100-B' ? -3.72 : 3.72, 1.8, device.position[2]],
          size: [0.4, 0.28, 0.4],
          kind: 'sleeve',
          visible: true,
          metadata: structuralMetadata(`sleeve-${device.id}`, 'rs485-wall-sleeve', ['HVAC-IOT-003']),
        }));
      const technicalWallCrossings = ['UC100-B', 'UC100-C'].map((deviceId) => ({
        id: `sleeve-${deviceId}-rear-separation`,
        deviceId,
        position: [deviceId === 'UC100-B' ? -16 : 16, 0.8, -20.1],
        size: [0.4, 0.4, 0.32],
        kind: 'sleeve',
        visible: true,
        metadata: structuralMetadata(`sleeve-${deviceId}-rear-separation`, 'rs485-wall-sleeve', ['HVAC-IOT-003']),
      }));
      const gatewayEthernetPort = [3.15, 3.46, 2.0505];
    
      const structural = {
        pass: 'structural',
        sections: {
          foundationSlabThickness: 0.25,
          roofPanelThickness: 0.22,
          exteriorWallThickness: 0.4,
          interiorWallThickness: 0.25,
        },
        auditoriumShells: auditoriums.map((room) => ({
          id: `${room.id}-structural-shell`,
          auditoriumId: room.id,
          family: room.family,
          bounds: room.bounds,
          wallHeight: room.height,
          roofElevation: room.height,
          roofPanelThickness: 0.22,
          perimeterWallThickness: 0.4,
          perimeterClosed: true,
          visibleEnvelope: STRUCTURAL_FAMILY_PROFILES[room.family],
          familyMaster: {
            tierCount: STRUCTURAL_FAMILY_PROFILES[room.family].tiers,
            crossAisle: true,
            sideAisles: 2,
            wheelchairVoid: true,
            screenWall: true,
            projectionNiche: true,
            entryOpening: true,
            emergencyOpening: true,
          },
          metadata: structuralMetadata(`${room.id}-structural-shell`, 'auditorium-structural-shell'),
        })),
        portalAssemblies: portals.map((portal) => ({
          id: `${portal.id}-assembly`,
          portalId: portal.id,
          side: portal.side,
          position: portal.position,
          opening: {
            trueOpening: true,
            clearWidth: portal.width,
            clearHeight: portal.height,
            opensTo: portal.auditoriumId,
          },
          frame: { jambThickness: 0.14, headThickness: 0.16, depth: 0.72 },
          door: { type: 'acoustic-double-leaf', leafCount: 2, thickness: 0.1 },
          threshold: { depth: 0.72, height: 0.08 },
          acousticReturnDepth: 0.72,
          metadata: structuralMetadata(`${portal.id}-assembly`, 'acoustic-portal-assembly'),
        })),
        emergencyDoors: auditoriums.map((room) => {
          const west = room.bounds.x[1] < 0;
          const z = Math.min(...room.bounds.z) + 1.05;
          return {
            id: `${room.id}-emergency-door`,
            auditoriumId: room.id,
            side: west ? 'west' : 'east',
            position: [west ? -29.62 : 29.62, 1.1, z],
            opening: {
              trueOpening: true,
              clearWidth: 1.1,
              clearHeight: 2.2,
              opensTo: 'exterior',
            },
            frame: { jambThickness: 0.12, headThickness: 0.14, depth: 0.5 },
            door: { type: 'acoustic-emergency', leafCount: 1, thickness: 0.1 },
            threshold: { depth: 0.5, height: 0.08 },
            metadata: structuralMetadata(`${room.id}-emergency-door`, 'auditorium-emergency-door'),
          };
        }),
        facade: {
          entranceAssemblies: facade.entrances.map((entrance, index) => ({
            id: `${entrance.id}-structural`,
            position: entrance.position,
            opening: {
              trueOpening: true,
              clearWidth: entrance.accessibleWidth,
              clearHeight: 2.4,
              accessible: index === 2,
            },
            frame: { jambThickness: 0.1, headThickness: 0.12, depth: 0.2 },
            glazing: { safetyGlass: true, thickness: 0.012 },
            metadata: structuralMetadata(`${entrance.id}-structural`, 'framed-glazed-entry', REQUIREMENT_FACADE),
          })),
          accessibleRoute: {
            id: 'accessible-forecourt-route',
            centreX: 0,
            width: 1.4,
            position: [0, 0.035, 24.55],
            size: [1.4, 0.07, 4.4],
            thresholdPosition: [0, 0.04, 22.35],
            metadata: structuralMetadata('accessible-forecourt-route', 'accessible-route', REQUIREMENT_FACADE),
          },
          marqueeSupports: [-14, -8.4, -2.8, 2.8, 8.4, 14].map((x, index) => ({
            id: `marquee-support-${index + 1}`,
            position: [x, 4.04, 22.3],
            size: [0.18, 0.72, 1.0],
            attached: true,
            facadeContact: true,
            canopyContact: true,
            metadata: structuralMetadata(`marquee-support-${index + 1}`, 'marquee-support', REQUIREMENT_FACADE),
          })),
          signSupports: [-5.4, -1.8, 1.8, 5.4].map((x, index) => ({
            id: `sign-support-${index + 1}`,
            position: [x, 4.62, 23.02],
            size: [0.12, 0.24, 0.24],
            attached: true,
            canopyContact: true,
            signContact: true,
            metadata: structuralMetadata(`sign-support-${index + 1}`, 'facade-sign-support', REQUIREMENT_FACADE),
          })),
        },
        rearTechnical: {
          rooms: rearTechnical.rooms.map((room) => ({
            id: `${room.id}-structure`,
            roomId: room.id,
            bounds: room.bounds,
            enclosed: true,
            wallThickness: 0.2,
            height: 4.5,
            metadata: structuralMetadata(`${room.id}-structure`, 'technical-room-structure'),
          })),
          serviceDoors: rearTechnical.rooms.map((room) => ({
            id: `${room.id}-service-door`,
            roomId: room.id,
            position: [centre(room.bounds.x), 1.05, -20.08],
            opening: {
              trueOpening: true,
              clearWidth: 1.05,
              clearHeight: 2.1,
              opensTo: rearTechnical.serviceCorridor.id,
            },
            frame: { jambThickness: 0.1, headThickness: 0.12, depth: 0.45 },
            door: { type: 'technical-service', leafCount: 1, thickness: 0.08 },
            threshold: { depth: 0.45, height: 0.07 },
            metadata: structuralMetadata(`${room.id}-service-door`, 'technical-service-door'),
          })),
        },
        kitchenExtraction: {
          hoodBody: {
            id: 'kitchen-extract-hood',
            position: [-8.75, 2.35, 12.25],
            size: [3.6, 0.6, 1.6],
            metadata: structuralMetadata('kitchen-extract-hood', 'kitchen-hood'),
          },
          hoodOutlet: {
            id: 'kitchen-hood-outlet',
            position: [-8.75, 2.7, 12.25],
            size: [0.5, 0.2, 0.5],
            metadata: structuralMetadata('kitchen-hood-outlet', 'hood-outlet'),
          },
          duct: {
            id: 'kitchen-extract-duct-root',
            socketPosition: [-8.75, 2.7, 12.25],
            topPosition: [-8.75, 4.48, 12.25],
            size: [0.5, 1.78, 0.5],
            vertical: true,
            contactOverlap: true,
            metadata: structuralMetadata('kitchen-extract-duct-root', 'vertical-extract-duct'),
          },
          routeStubs: 0,
        },
        roofService: {
          routes: [
            ['supply', -1.2],
            ['return', 1.2],
          ].map(([medium, x]) => {
            const plenumId = `roof-${medium}-plenum`;
            const socketPosition = [x, 8.15, -12];
            return {
              id: `roof-${medium}-route`,
              medium,
              rootOverlap: true,
              plenum: {
                id: plenumId,
                position: [x, 7.82, -12],
                socketPosition,
                size: [0.9, 0.9, 1.1],
                metadata: structuralMetadata(plenumId, 'roof-service-plenum'),
              },
              main: {
                id: `roof-${medium}-main`,
                owner: plenumId,
                position: [x, 8.36, -9.25],
                size: [0.9, 0.72, 6.1],
                metadata: structuralMetadata(`roof-${medium}-main`, 'roof-service-main'),
              },
              sleeve: {
                id: `roof-${medium}-owned-sleeve`,
                owner: plenumId,
                position: socketPosition,
                size: [1.15, 0.24, 1.15],
                metadata: structuralMetadata(`roof-${medium}-owned-sleeve`, 'roof-service-sleeve'),
              },
            };
          }),
        },
        devices: {
          tc300: TC300_DEVICES.map((device) => ({
            id: device.id,
            kind: 'tc300',
            position: device.position,
            size: [0.1, 0.1136, 0.026],
            materialKey: 'tc-black',
            metadata: structuralMetadata(device.id, 'tc300-device', ['HVAC-IOT-001']),
          })),
          uc100: UC100_DEVICES.map((device) => ({
            id: device.id,
            kind: 'uc100',
            position: device.position,
            size: [0.07, 0.045, 0.013],
            materialKey: 'uc-white',
            metadata: structuralMetadata(device.id, 'uc100-device', ['HVAC-IOT-002']),
          })),
          ug67: [{
            id: 'UG67-01',
            kind: 'ug67',
            position: GATEWAYS[0].position,
            size: [0.164, 0.24, 0.0909],
            antennaLength: 0.6,
            materialKey: 'gateway-dark',
            metadata: structuralMetadata('UG67-01', 'ug67-device', ['HVAC-IOT-003']),
          }],
        },
        containment: {
          uc100BusRoots: rs485Trunks.map((trunk) => {
            const device = UC100_DEVICES.find(({ id }) => id === trunk.uc100Id);
            return {
              id: `${trunk.uc100Id}-rs485-root`,
              socketOwner: trunk.uc100Id,
              socketPosition: device.position,
              routeJoin: trunk.end,
              medium: 'rs485',
              contactCoherent: true,
              metadata: structuralMetadata(`${trunk.uc100Id}-rs485-root`, 'owned-rs485-socket', ['HVAC-IOT-003']),
            };
          }),
          ug67AntennaRoots: [-0.055, 0.055].map((offset, index) => ({
            id: `UG67-01-antenna-root-${index + 1}`,
            socketOwner: 'UG67-01',
            socketPosition: [
              GATEWAYS[0].position[0] + offset,
              GATEWAYS[0].position[1] + 0.12,
              GATEWAYS[0].position[2],
            ],
            vertical: true,
            contactCoherent: true,
            seatedOnBody: true,
            metadata: structuralMetadata(`UG67-01-antenna-root-${index + 1}`, 'owned-antenna-socket', ['HVAC-IOT-003']),
          })),
          rs485Routes,
          tc300Drops,
          wallCrossings: [...auditoriumWallCrossings, ...technicalWallCrossings],
          ug67EthernetPort: {
            id: 'UG67-01-ethernet-port',
            owner: 'UG67-01',
            position: gatewayEthernetPort,
            metadata: structuralMetadata('UG67-01-ethernet-port', 'ethernet-port', ['HVAC-IOT-003']),
          },
          ug67EthernetRoute: {
            id: 'UG67-01-contained-ethernet',
            points: [gatewayEthernetPort, [4.2, 3.46, 2.0505], [4.2, 1.2, 2.0505], [4.2, 1.2, 0], [36, 1.2, 0]],
            contactCoherent: true,
            metadata: structuralMetadata('UG67-01-contained-ethernet', 'contained-ethernet-route', ['HVAC-IOT-003']),
          },
          futureSleeves: [
            ['kitchen-extract-sleeve', [-8.75, 4.48, 12.25], 'kitchen-shell'],
            ['roof-supply-sleeve', [-1.2, 8.15, -12], 'auditorium-roof'],
            ['roof-return-sleeve', [1.2, 8.15, -12], 'auditorium-roof'],
          ].map(([id, position, owner]) => ({
            id,
            position,
            size: [0.5, 0.18, 0.5],
            owner,
            reservedForLaterAsset: true,
            metadata: structuralMetadata(id, 'containment-sleeve', ['CIN-ARCH-001']),
          })),
        },
        humanReferences: [
          ['human-forecourt', [-3, 0, 25.1], 1.72],
          ['human-lobby', [8, 0, 19], 1.7],
          ['human-corridor', [0.8, 0, -3], 1.74],
          ['human-kitchen', [-6.2, 0, 13.4], 1.68],
          ['human-technical', [24, 0, -19.2], 1.75],
        ].map(([id, position, height]) => ({
          id,
          position,
          height,
          lowPoly: true,
          metadata: structuralMetadata(id, 'human-scale-reference'),
        })),
      };
    
      return deepFreeze({
        assetId: ARCHITECTURE_ASSET_ID,
        surface: createSurfaceDetailPlan(),
        units: 'metres',
        footprint: { x: [-30, 30], z: [-22.5, 22.5] },
        bands: [
          { id: 'front-public', bounds: { x: [-30, 30], z: [10.5, 22.5] }, height: 4.5 },
          { id: 'auditorium-spine', bounds: { x: [-30, 30], z: [-18.5, 10.5] }, height: 8.2 },
          { id: 'rear-service', bounds: { x: [-30, 30], z: [-22.5, -18.5] }, height: 4.5 },
        ],
        centralCorridor: {
          id: 'central-corridor',
          bounds: { x: [-3.5, 3.5], z: [-18.5, 10.5] },
          clearWidth: 7,
          metadata: metadata('central-corridor', 'circulation-spine'),
        },
        auditoriums,
        auditoriumOuterWalls: auditoriums.map((room) => ({
          id: `${room.id}-outer-wall`,
          auditoriumId: room.id,
          side: room.bounds.x[1] < 0 ? 'west' : 'east',
          height: room.height,
          bounds: room.bounds,
          metadata: metadata(`${room.id}-outer-wall`, 'auditorium-perimeter-wall'),
        })),
        portals,
        rearTechnical,
        facade,
        structural,
        blockoutProxies: {
          auditoriums: auditoriums.map((room) => {
            const profile = AUDITORIUM_FAMILY_PROFILES[room.family];
            return {
              id: `${room.id}-family-proxy`,
              auditoriumId: room.id,
              family: room.family,
              bounds: room.bounds,
              screenSlab: true,
              ...profile,
              aisleGapWidth: 1.2,
              wheelchairBayWidth: 3.6,
              aisleGap: { continuous: true, width: 1.2 },
              wheelchairBay: { clear: true, width: 3.6, depth: 2.4, clearTierCount: 2 },
              metadata: metadata(`${room.id}-family-proxy`, 'auditorium-family-proxy', ['CIN-ARCH-003'], { temporaryProxy: true }),
            };
          }),
          frontOfHouse,
        },
        topologyProxies: {
          tc300: TC300_DEVICES.map((device) => endpoint(`${device.id}-proxy`, 'tc300', device.position, [0.34, 0.5, 0.2], 'tc-black')),
          uc100: UC100_DEVICES.map((device) => endpoint(`${device.id}-proxy`, 'uc100', device.position, [0.75, 1, 0.28], 'uc-white')),
          ug67,
          external,
          rs485Trunks,
          rs485Drops,
          lorawanLinks,
          ipChain: {
            id: 'conceptual-ip-chain',
            points: ipPoints,
            clientBranches: external.slice(3).map(({ position }) => ({ start: external[2].position, end: position })),
            metadata: metadata('conceptual-ip-chain', 'ethernet-ip-chain', ['HVAC-IOT-003', 'HVAC-IOT-004']),
          },
        },
        billboards: {
          architecture: architectureBillboards,
          technical: technicalBillboards,
        },
      });
    }
    
    function centre(bounds) {
      return (bounds[0] + bounds[1]) / 2;
    }
    
    function extent(bounds) {
      return bounds[1] - bounds[0];
    }
    
    function createFlatMaterials(THREE, materialRegistry) {
      const localOwned = [];
      const custom = (color, options = {}) => ({
        type: 'standard',
        color,
        roughness: 0.84,
        metalness: 0,
        ...options,
      });
      const definitions = {
        'floor-charcoal': 'exteriorConcrete',
        'exterior-concrete': 'exteriorConcrete',
        'lobby-gloss-tile': 'lobbyGlossTile',
        'auditorium-carpet': 'auditoriumCarpet',
        'site-gray': 'exteriorConcrete',
        'brand-red': 'cinemaRedPainted',
        'identity-white': 'shellWarmWhite',
        'glass-blue': 'facadeGlass',
        'facade-frame-charcoal': 'shellCharcoal',
        'structural-steel': 'galvanizedDuct',
        'service-door': 'shellCharcoal',
        'containment-orange': custom(0xf59e0b, { roughness: 0.48 }),
        'accessible-yellow': custom(0xfacc15, { roughness: 0.46, emissive: 0x854d0e, emissiveIntensity: 0.45 }),
        'hood-steel': 'kitchenStainless',
        'human-neutral': custom(0xe2e8f0),
        'human-dark': 'shellCharcoal',
        'portal-dark': 'auditoriumAcousticFabric',
        'portal-red': 'cinemaRedPainted',
        'public-roof': 'exteriorConcrete',
        'large-roof': 'shellCharcoal',
        'medium-roof': 'shellCharcoal',
        'small-roof': 'shellCharcoal',
        'rear-roof': 'exteriorConcrete',
        'rear-strip-blue': 'exteriorConcrete',
        'zone-public': custom(0xf59e0b, { transparent: true, opacity: 0.09, depthWrite: false }),
        'zone-corridor': custom(0x8b5cf6, { transparent: true, opacity: 0.12, depthWrite: false }),
        'zone-large': custom(0xdc2626, { transparent: true, opacity: 0.08, depthWrite: false }),
        'zone-medium': custom(0xf43f5e, { transparent: true, opacity: 0.075, depthWrite: false }),
        'zone-small': custom(0xfb7185, { transparent: true, opacity: 0.075, depthWrite: false }),
        'zone-service': custom(0x0ea5e9, { transparent: true, opacity: 0.1, depthWrite: false }),
        'foh-lobby': 'lobbyGlossTile',
        'foh-ticket': 'offlineGray',
        'foh-waiting': 'offlineGray',
        'foh-concession': 'offlineGray',
        'foh-kitchen': 'offlineGray',
        'foh-checkpoint': 'offlineGray',
        'screen-light': 'shellWarmWhite',
        'seating-burgundy': 'seatBurgundyFabric',
        'aisle-dark': 'auditoriumCarpet',
        'wheelchair-blue': custom(0x0ea5e9, { roughness: 0.42, emissive: 0x075985, emissiveIntensity: 0.65 }),
        'tc-black': 'tc300BlackGlass',
        'tc-blue': 'tc300BlueRing',
        'uc-white': 'uc100WhitePcabs',
        'gateway-dark': 'ug67DarkMountingShell',
        'endpoint-router': custom(0x0ea5e9, { roughness: 0.42, emissive: 0x075985, emissiveIntensity: 0.45 }),
        'endpoint-cloud': custom(0x67e8f9, { roughness: 0.4, emissive: 0x0e7490, emissiveIntensity: 0.45 }),
        'endpoint-server': custom(0x8b5cf6, { roughness: 0.46, emissive: 0x4c1d95, emissiveIntensity: 0.45 }),
        'endpoint-pc': custom(0xf59e0b, { roughness: 0.48, emissive: 0x92400e, emissiveIntensity: 0.4 }),
        'endpoint-tablet': custom(0x22c55e, { roughness: 0.48, emissive: 0x14532d, emissiveIntensity: 0.4 }),
        'endpoint-phone': custom(0xf97316, { roughness: 0.48, emissive: 0x9a3412, emissiveIntensity: 0.4 }),
        'rs485-green': 'rs485Green',
        'lorawan-blue': 'networkBlue',
        'ethernet-blue': 'networkBlue',
        'shell-gray': 'shellWarmWhite',
        'surface-dark': 'shellCharcoal',
        'surface-metal': 'galvanizedDuct',
        'surface-white': 'shellWarmWhite',
        'surface-carpet': custom(0x5b2230, { roughness: 0.92 }),
        'surface-marking': custom(0xf59e0b, { roughness: 0.5, emissive: 0x7c2d12, emissiveIntensity: 0.28 }),
        'surface-concrete-a': custom(0xc9ced2, { roughness: 0.9 }),
        'surface-concrete-b': custom(0xe0e2e1, { roughness: 0.82 }),
        'surface-seal': custom(0x8f2432, { roughness: 0.72 }),
        'surface-pos': custom(0x111827, { roughness: 0.34, emissive: 0x7f1d1d, emissiveIntensity: 0.28 }),
        'surface-service': custom(0x64748b, { roughness: 0.6, metalness: 0.12 }),
        'direction-amber': custom(0xffd43b, {
          roughness: 0.34,
          emissive: 0xb45309,
          emissiveIntensity: 1.2,
          depthTest: SURFACE_DIRECTION_MARKER.depthTest,
          depthWrite: SURFACE_DIRECTION_MARKER.depthWrite,
        }),
      };
    
      const byKey = Object.fromEntries(Object.entries(definitions).map(([key, source]) => {
        if (materialRegistry?.getMaterial) {
          return [key, typeof source === 'string'
            ? materialRegistry.getMaterial(source)
            : materialRegistry.getMaterial('architecture:' + key, source)];
        }
        const spec = typeof source === 'string'
          ? { type: 'standard', color: 0xc9cdd4, roughness: 0.72, metalness: 0 }
          : source;
        const { type, ...parameters } = spec;
        const MaterialClass = type === 'physical' && THREE.MeshPhysicalMaterial
          ? THREE.MeshPhysicalMaterial
          : THREE.MeshStandardMaterial;
        const material = new MaterialClass(parameters);
        localOwned.push(material);
        return [key, material];
      }));
    
      return { byKey, owned: localOwned };
    }
    
    function digitSegments(digit) {
      const segmentMap = {
        1: ['br', 'tr'],
        2: ['top', 'tr', 'mid', 'bl', 'bottom'],
        3: ['top', 'tr', 'mid', 'br', 'bottom'],
        4: ['tl', 'mid', 'tr', 'br'],
        5: ['top', 'tl', 'mid', 'br', 'bottom'],
        6: ['top', 'tl', 'mid', 'bl', 'br', 'bottom'],
        7: ['top', 'tr', 'br'],
        8: ['top', 'tl', 'tr', 'mid', 'bl', 'br', 'bottom'],
      };
      return segmentMap[digit];
    }
    
    /**
     * Builds only the first HEAVY asset through SURFACE. Repeated section pieces share one
     * BoxGeometry and are grouped into one InstancedMesh per semantic layer/color pair.
     */
    export function createArchitectureStructure({ THREE, groups, materialRegistry } = {}) {
      if (!THREE?.BoxGeometry || !THREE?.ConeGeometry || !THREE?.InstancedMesh || !groups) {
        throw new TypeError('Three.js and semantic groups are required for the architecture structure.');
      }
    
      const plan = createArchitecturePlan();
      const sharedGeometry = new THREE.BoxGeometry(1, 1, 1);
      const directionMarkerGeometry = new THREE.ConeGeometry(
        SURFACE_DIRECTION_MARKER.radius,
        SURFACE_DIRECTION_MARKER.length,
        3,
      );
      directionMarkerGeometry.rotateX(Math.PI / 2);
      const { byKey: materials, owned: ownedMaterials } = createFlatMaterials(THREE, materialRegistry);
      const cutawayMaterialKeys = Object.keys(materials).filter((key) => ![
        'tc-black', 'tc-blue', 'uc-white', 'gateway-dark',
        'rs485-green', 'lorawan-blue', 'ethernet-blue',
        SURFACE_DIRECTION_MARKER.materialKey,
      ].includes(key) && !key.startsWith('endpoint-') && !key.startsWith('zone-'));
      materialRegistry?.registerCutawayMaterials?.(cutawayMaterialKeys.map((key) => materials[key]));
      const buckets = new Map();
      const directionMarkerBuckets = new Map();
      const directionMarkerMeshes = [];
      const meshes = [];
      const billboardSprites = [];
      const surfaceMeshes = [];
      let surfaceAtlas = null;
      let surfaceAtlasMaterial = null;
    
      function addBox(layer, materialKey, position, size, entityMetadata, rotationY = 0) {
        const key = `${layer}:${materialKey}`;
        if (!buckets.has(key)) buckets.set(key, { layer, materialKey, instances: [] });
        buckets.get(key).instances.push({ position, size, rotationY, metadata: entityMetadata });
      }
    
      function addSegment(layer, materialKey, start, end, width, entityMetadata) {
        const dx = end[0] - start[0];
        const dz = end[2] - start[2];
        const length = Math.hypot(dx, dz);
        addBox(
          layer,
          materialKey,
          [(start[0] + end[0]) / 2, (start[1] + end[1]) / 2, (start[2] + end[2]) / 2],
          [width, width, Math.max(width, length)],
          entityMetadata,
          Math.atan2(dx, dz),
        );
      }
    
      function addAxisSegment(layer, materialKey, start, end, width, entityMetadata) {
        const delta = end.map((value, axis) => Math.abs(value - start[axis]));
        addBox(
          layer,
          materialKey,
          start.map((value, axis) => (value + end[axis]) / 2),
          delta.map((value) => Math.max(width, value)),
          entityMetadata,
        );
      }
    
      function addAxisPolyline(layer, materialKey, points, width, entityMetadata) {
        for (let index = 0; index < points.length - 1; index += 1) {
          addAxisSegment(layer, materialKey, points[index], points[index + 1], width, {
            ...entityMetadata,
            routeSegment: index,
          });
        }
      }
    
      function addDashedSegment(layer, materialKey, start, end, width, entityMetadata, dashCount = 7) {
        for (let index = 0; index < dashCount; index += 1) {
          const fromT = index / dashCount;
          const toT = Math.min(1, fromT + 0.55 / dashCount);
          const interpolate = (a, b, t) => a.map((value, axis) => value + (b[axis] - value) * t);
          addSegment(layer, materialKey, interpolate(start, end, fromT), interpolate(start, end, toT), width, {
            ...entityMetadata,
            dashIndex: index,
          });
        }
      }
    
      function addSurfaceArrowhead(layer, start, end, entityId, options = {}) {
        const placement = createDirectionMarkerPlacement(start, end, options);
        if (!directionMarkerBuckets.has(layer)) directionMarkerBuckets.set(layer, []);
        directionMarkerBuckets.get(layer).push({
          ...placement,
          metadata: surfaceMetadata(entityId, 'media-arrowhead', ['HVAC-IOT-003'], {
            terminalAdjacent: true,
            visualRole: 'terminal-direction-arrowhead',
            component: 'single-arrowhead',
            routeComponentId: entityId.replace(/-direction$/, ''),
            routeAnchor: [...placement.routeAnchor],
            routeTangent: [...placement.tangent],
            routeComponentT: placement.routeComponentT,
            orientationErrorRadians: placement.orientationErrorRadians,
            baseContactDistance: placement.baseContactDistance,
            projectedMinPx: placement.projectedMinPx,
            projectedMaxPx: placement.projectedMaxPx,
            viewPriority: SURFACE_DIRECTION_MARKER.viewPriority,
            topologyImpact: SURFACE_DIRECTION_MARKER.topologyImpact,
          }),
        });
      }
    
      // Site datum and exact 60 × 45 m structural slab.
      addBox('architecture', 'site-gray', [0, -0.18, 25.4], [42, 0.18, 5.4], metadata('forecourt', 'site'));
      addBox(
        'architecture',
        'floor-charcoal',
        [0, -plan.structural.sections.foundationSlabThickness / 2, 0],
        [60, plan.structural.sections.foundationSlabThickness, 45],
        structuralMetadata('foundation-slab', 'structural-slab'),
      );
      // Material-owned finish plates change only the PBR read, not accepted massing.
      addBox(
        'architecture',
        'lobby-gloss-tile',
        [0, 0.02, 16.5],
        [59, 0.04, 11.5],
        structuralMetadata('front-public-material-floor', 'material-finish-plate'),
      );
      addBox(
        'architecture',
        'auditorium-carpet',
        [0, 0.02, -4],
        [6.8, 0.04, 29],
        structuralMetadata('central-corridor-material-floor', 'material-finish-plate'),
      );
      for (const room of plan.auditoriums) {
        addBox(
          'architecture',
          'auditorium-carpet',
          [centre(room.bounds.x), 0.02, centre(room.bounds.z)],
          [extent(room.bounds.x) - 0.7, 0.04, extent(room.bounds.z) - 0.45],
          structuralMetadata(`${room.id}-material-floor`, 'material-finish-plate'),
        );
      }
      const accessibleRoute = plan.structural.facade.accessibleRoute;
      addBox('architecture', 'accessible-yellow', accessibleRoute.position, accessibleRoute.size, accessibleRoute.metadata);
      addBox(
        'architecture',
        'accessible-yellow',
        accessibleRoute.thresholdPosition,
        [accessibleRoute.width, 0.08, 0.8],
        { ...accessibleRoute.metadata, component: 'wide-centre-threshold' },
      );
      for (const direction of [-1, 1]) {
        addBox(
          'architecture',
          'accessible-yellow',
          [accessibleRoute.centreX + direction * accessibleRoute.width / 2, 0.075, accessibleRoute.position[2]],
          [0.08, 0.08, accessibleRoute.size[2]],
          { ...accessibleRoute.metadata, component: 'route-edge', side: direction },
        );
      }
      addBox(
        'architecture',
        'rear-strip-blue',
        [0, 0.035, -19.25],
        [58, 0.07, 1.5],
        structuralMetadata('rear-service-clear-strip', 'service-corridor-floor'),
      );
    
      // Finish-agnostic roof panels sit on their exact public/family/rear wall heights.
      addBox('roof', 'public-roof', [0, 4.61, 16.5], [60, 0.22, 12], structuralMetadata('front-public-roof', 'roof-panel'));
      for (const room of plan.auditoriums) {
        const proxy = plan.blockoutProxies.auditoriums.find(({ auditoriumId }) => auditoriumId === room.id);
        const side = room.bounds.x[1] < 0 ? 'west' : 'east';
        const volumeX = side === 'west'
          ? room.bounds.x[1] - proxy.proxyWidth / 2
          : room.bounds.x[0] + proxy.proxyWidth / 2;
        addBox(
          'roof',
          `${room.family}-roof`,
          [centre(room.bounds.x), room.height + 0.11, centre(room.bounds.z)],
          [extent(room.bounds.x), 0.22, extent(room.bounds.z)],
          structuralMetadata(`${room.id}-roof-panel`, 'auditorium-roof-panel', REQUIREMENT_ARCHITECTURE, {
            auditoriumId: room.id,
            family: room.family,
          }),
        );
        addBox(
          'zones',
          `zone-${room.family}`,
          [volumeX, proxy.volumeHeight / 2, centre(room.bounds.z)],
          [proxy.proxyWidth, proxy.volumeHeight, proxy.proxyDepth],
          room.metadata,
        );
      }
      addBox('roof', 'rear-roof', [0, 4.61, -20.5], [60, 0.22, 4], structuralMetadata('rear-service-roof', 'roof-panel'));
    
      // Temporary family proxies make all three room types and the Sala 3 evidence countable.
      for (const proxy of plan.blockoutProxies.auditoriums) {
        const room = plan.auditoriums.find(({ id }) => id === proxy.auditoriumId);
        const side = room.bounds.x[1] < 0 ? 'west' : 'east';
        const direction = side === 'west' ? 1 : -1;
        const screenX = side === 'west' ? room.bounds.x[0] + 0.55 : room.bounds.x[1] - 0.55;
        const roomDepth = extent(room.bounds.z);
        addBox('architecture', 'screen-light', [screenX, 0.3 + proxy.screenSize[1] / 2, centre(room.bounds.z)], proxy.screenSize, {
          ...proxy.metadata,
          component: 'screen-slab',
        });
        const tierSpan = proxy.proxyWidth * 0.4;
        const baseX = side === 'west' ? room.bounds.x[1] - 2 : room.bounds.x[0] + 2;
        for (let tier = 0; tier < proxy.tierCount; tier += 1) {
          const progress = (tier + 0.5) / proxy.tierCount;
          const x = baseX - direction * progress * tierSpan;
          const tierHeight = 0.42 + tier * 0.28;
          const halfDepth = (roomDepth - proxy.aisleGapWidth) / 2;
          for (const zDirection of [-1, 1]) {
            if (tier < proxy.wheelchairBay.clearTierCount && zDirection === 1) continue;
            addBox(
              'architecture',
              'seating-burgundy',
              [x, tierHeight / 2, centre(room.bounds.z) + zDirection * (proxy.aisleGapWidth / 2 + halfDepth / 2)],
              [Math.max(1.2, tierSpan / proxy.tierCount * 0.88), tierHeight, halfDepth * 0.86],
              { ...proxy.metadata, component: 'tier-mass', tier, side: zDirection },
            );
          }
        }
        addBox('architecture', 'aisle-dark', [centre(room.bounds.x), 0.08, centre(room.bounds.z)], [extent(room.bounds.x) - 2, 0.16, proxy.aisleGapWidth], {
          ...proxy.metadata,
          component: 'aisle-gap',
        });
        const bayProgress = proxy.wheelchairBay.clearTierCount / 2 / proxy.tierCount;
        const bayX = baseX - direction * bayProgress * tierSpan;
        const positiveHalfDepth = (roomDepth - proxy.aisleGapWidth) / 2;
        const bayZ = centre(room.bounds.z) + proxy.aisleGapWidth / 2 + positiveHalfDepth / 2;
        const outline = { ...proxy.metadata, component: 'wheelchair-bay-outline' };
        for (const xOffset of [-proxy.wheelchairBay.width / 2, proxy.wheelchairBay.width / 2]) {
          addBox('architecture', 'wheelchair-blue', [bayX + xOffset, 0.18, bayZ], [0.14, 0.36, proxy.wheelchairBay.depth], outline);
        }
        addBox(
          'architecture',
          'wheelchair-blue',
          [bayX, 0.18, bayZ + proxy.wheelchairBay.depth / 2],
          [proxy.wheelchairBay.width, 0.36, 0.14],
          outline,
        );
      }
    
      // Geometry-only family frames expose the 2/4/2 width, height and tier grammar without labels.
      for (const shell of plan.structural.auditoriumShells) {
        const room = plan.auditoriums.find(({ id }) => id === shell.auditoriumId);
        const proxy = plan.blockoutProxies.auditoriums.find(({ auditoriumId }) => auditoriumId === room.id);
        const west = room.bounds.x[1] < 0;
        const outward = west ? -1 : 1;
        const corridorEdge = west ? room.bounds.x[1] : room.bounds.x[0];
        const outerEdge = corridorEdge + outward * shell.visibleEnvelope.width;
        const xCentre = (corridorEdge + outerEdge) / 2;
        const zEdges = [Math.min(...room.bounds.z) + 0.3, Math.max(...room.bounds.z) - 0.3];
        const frameMetadata = {
          ...shell.metadata,
          component: 'visible-family-frame',
          family: shell.family,
          tierCount: shell.visibleEnvelope.tiers,
        };
        for (const z of zEdges) {
          addBox(
            'architecture',
            'structural-steel',
            [xCentre, shell.visibleEnvelope.height, z],
            [shell.visibleEnvelope.width, 0.28, 0.28],
            frameMetadata,
          );
          for (const x of [corridorEdge, outerEdge]) {
            addBox(
              'architecture',
              'structural-steel',
              [x, shell.visibleEnvelope.height / 2, z],
              [0.28, shell.visibleEnvelope.height, 0.28],
              frameMetadata,
            );
          }
        }
        for (const x of [corridorEdge, outerEdge]) {
          addBox(
            'architecture',
            'structural-steel',
            [x, shell.visibleEnvelope.height, centre(room.bounds.z)],
            [0.28, 0.28, extent(room.bounds.z) - 0.6],
            frameMetadata,
          );
        }
    
        // A comparable cinema master in every room: side/cross aisles, screen-wall frame,
        // wheelchair void and a recessed projection niche. Labels remain supplementary.
        const aisleLength = shell.visibleEnvelope.width - 1.2;
        const aisleX = corridorEdge + outward * (shell.visibleEnvelope.width / 2 + 0.15);
        for (const zDirection of [-1, 1]) {
          addBox(
            'architecture',
            'aisle-dark',
            [aisleX, 0.11, centre(room.bounds.z) + zDirection * (extent(room.bounds.z) / 2 - 0.48)],
            [aisleLength, 0.22, 0.62],
            { ...frameMetadata, component: 'family-side-aisle', side: zDirection },
          );
        }
        const crossX = corridorEdge + outward * shell.visibleEnvelope.width * 0.43;
        addBox(
          'architecture',
          'aisle-dark',
          [crossX, 0.13, centre(room.bounds.z)],
          [0.74, 0.26, Math.max(1.2, extent(room.bounds.z) - 0.65)],
          { ...frameMetadata, component: 'family-cross-aisle' },
        );
    
        const screenX = west ? room.bounds.x[0] + 0.48 : room.bounds.x[1] - 0.48;
        const screenHeight = proxy.screenSize[1];
        const screenWidth = proxy.screenSize[2];
        for (const zDirection of [-1, 1]) {
          addBox(
            'architecture',
            'structural-steel',
            [screenX, 0.3 + screenHeight / 2, centre(room.bounds.z) + zDirection * (screenWidth / 2 + 0.14)],
            [0.32, screenHeight + 0.55, 0.28],
            { ...frameMetadata, component: 'screen-wall-jamb', side: zDirection },
          );
        }
        addBox(
          'architecture',
          'structural-steel',
          [screenX, 0.58 + screenHeight, centre(room.bounds.z)],
          [0.32, 0.28, screenWidth + 0.55],
          { ...frameMetadata, component: 'screen-wall-head' },
        );
    
        const nicheX = corridorEdge + outward * 1.15;
        const nicheWidth = Math.min(2.5, Math.max(1.6, extent(room.bounds.z) * 0.32));
        addBox(
          'architecture',
          'floor-charcoal',
          [nicheX, 3.25, centre(room.bounds.z)],
          [1.25, 1.85, nicheWidth],
          { ...frameMetadata, component: 'projection-niche-recess' },
        );
        for (const zDirection of [-1, 1]) {
          addBox(
            'architecture',
            'structural-steel',
            [nicheX - outward * 0.68, 3.25, centre(room.bounds.z) + zDirection * (nicheWidth / 2 + 0.1)],
            [0.26, 2.15, 0.2],
            { ...frameMetadata, component: 'projection-niche-jamb', side: zDirection },
          );
        }
        addBox(
          'architecture',
          'structural-steel',
          [nicheX - outward * 0.68, 4.36, centre(room.bounds.z)],
          [0.26, 0.2, nicheWidth + 0.4],
          { ...frameMetadata, component: 'projection-niche-head' },
        );
      }
    
      for (const proxy of plan.blockoutProxies.frontOfHouse) {
        if (proxy.kind !== 'checkpoint-lane') {
          addBox('architecture', proxy.materialKey, proxy.position, proxy.size, proxy.metadata);
          continue;
        }
        const sideWidth = (proxy.size[0] - proxy.accessGapWidth) / 2;
        const offset = proxy.accessGapWidth / 2 + sideWidth / 2;
        for (const direction of [-1, 1]) {
          addBox(
            'architecture',
            proxy.materialKey,
            [proxy.position[0] + direction * offset, proxy.position[1], proxy.position[2]],
            [sideWidth, proxy.size[1], proxy.size[2]],
            { ...proxy.metadata, component: 'checkpoint-side', openAccess: true },
          );
        }
      }
    
      const kitchenExtraction = plan.structural.kitchenExtraction;
      addBox(
        'architecture',
        'hood-steel',
        kitchenExtraction.hoodBody.position,
        kitchenExtraction.hoodBody.size,
        kitchenExtraction.hoodBody.metadata,
      );
      addBox(
        'architecture',
        'containment-orange',
        kitchenExtraction.hoodOutlet.position,
        kitchenExtraction.hoodOutlet.size,
        kitchenExtraction.hoodOutlet.metadata,
      );
      addBox(
        'architecture',
        'hood-steel',
        [
          kitchenExtraction.duct.socketPosition[0],
          (kitchenExtraction.duct.socketPosition[1] + kitchenExtraction.duct.topPosition[1]) / 2,
          kitchenExtraction.duct.socketPosition[2],
        ],
        kitchenExtraction.duct.size,
        kitchenExtraction.duct.metadata,
      );
    
      // Engineering volumes make the three plan bands and disjoint circulation explicit.
      addBox('zones', 'zone-public', [0, 2.2, 16.5], [59, 4.4, 11.5], metadata('front-public-zone', 'plan-band'));
      addBox('zones', 'zone-corridor', [0, 1.4, -4], [7, 2.8, 29], plan.centralCorridor.metadata);
      addBox('zones', 'zone-service', [0, 1.1, -19.25], [58, 2.2, 1.5], plan.rearTechnical.serviceCorridor.metadata);
      for (const room of plan.rearTechnical.rooms) {
        addBox(
          'zones',
          'zone-service',
          [centre(room.bounds.x), 1.1, centre(room.bounds.z)],
          [extent(room.bounds.x), 2.2, extent(room.bounds.z)],
          room.metadata,
        );
      }
    
      // Outer shell. The front is split around the entrance/glazing bank rather than covered.
      addBox('walls', 'shell-gray', [-29.8, 2.25, 16.5], [0.4, 4.5, 12], metadata('west-public-wall', 'exterior-wall'));
      addBox('walls', 'shell-gray', [29.8, 2.25, 16.5], [0.4, 4.5, 12], metadata('east-public-wall', 'exterior-wall'));
      addBox('walls', 'shell-gray', [-29.8, 2.25, -20.5], [0.4, 4.5, 4], metadata('west-rear-wall', 'exterior-wall'));
      addBox('walls', 'shell-gray', [29.8, 2.25, -20.5], [0.4, 4.5, 4], metadata('east-rear-wall', 'exterior-wall'));
      for (const wall of plan.auditoriumOuterWalls) {
        const emergency = plan.structural.emergencyDoors.find(({ auditoriumId }) => auditoriumId === wall.auditoriumId);
        const zMinimum = Math.min(...wall.bounds.z);
        const zMaximum = Math.max(...wall.bounds.z);
        const openingHalf = emergency.opening.clearWidth / 2;
        const openingMinimum = emergency.position[2] - openingHalf;
        const openingMaximum = emergency.position[2] + openingHalf;
        const x = wall.side === 'west' ? -29.8 : 29.8;
        for (const [minimum, maximum, suffix] of [
          [zMinimum, openingMinimum, 'before'],
          [openingMaximum, zMaximum, 'after'],
        ]) {
          if (maximum <= minimum) continue;
          addBox(
            'walls',
            'shell-gray',
            [x, wall.height / 2, (minimum + maximum) / 2],
            [plan.structural.sections.exteriorWallThickness, wall.height, maximum - minimum],
            structuralMetadata(`${wall.id}-${suffix}`, 'auditorium-perimeter-wall', REQUIREMENT_ARCHITECTURE, {
              auditoriumId: wall.auditoriumId,
            }),
          );
        }
        const headerHeight = wall.height - emergency.opening.clearHeight;
        addBox(
          'walls',
          'shell-gray',
          [x, emergency.opening.clearHeight + headerHeight / 2, emergency.position[2]],
          [plan.structural.sections.exteriorWallThickness, headerHeight, emergency.opening.clearWidth],
          structuralMetadata(`${wall.id}-emergency-header`, 'emergency-opening-header'),
        );
      }
      addBox('walls', 'shell-gray', [0, 2.25, -22.3], [60, 4.5, 0.4], metadata('rear-exterior-wall', 'exterior-wall'));
      addBox('walls', 'shell-gray', [-20.5, 2.25, 22.3], [19, 4.5, 0.4], metadata('facade-west-pier', 'facade-wall', REQUIREMENT_FACADE));
      addBox('walls', 'shell-gray', [20.5, 2.25, 22.3], [19, 4.5, 0.4], metadata('facade-east-pier', 'facade-wall', REQUIREMENT_FACADE));
      addBox('walls', 'shell-gray', [0, 3.95, 22.3], [22, 1.1, 0.4], metadata('facade-entry-header', 'facade-wall', REQUIREMENT_FACADE));
    
      // Public/auditorium threshold and the rear separation wall establish the three bands.
      addBox('walls', 'shell-gray', [-16.75, 2.25, 10.5], [25.5, 4.5, 0.25], metadata('front-west-threshold', 'band-wall'));
      addBox('walls', 'shell-gray', [16.75, 2.25, 10.5], [25.5, 4.5, 0.25], metadata('front-east-threshold', 'band-wall'));
    
      // Corridor walls are segmented to leave four true 2.2 m portals on each side.
      const roomZBounds = [[10.5, 2], [2, -5.3], [-5.3, -12.6], [-12.6, -18.5]];
      for (const side of ['west', 'east']) {
        const x = side === 'west' ? -3.72 : 3.72;
        for (let index = 0; index < roomZBounds.length; index += 1) {
          const [top, bottom] = roomZBounds[index];
          const portalZ = PORTAL_CENTRES_Z[index];
          const portalHalf = 1.1;
          const room = plan.auditoriums[index + (side === 'west' ? 0 : 4)];
          const wallHeight = room.height;
          const openingHeight = 2.4;
          const headerHeight = wallHeight - openingHeight;
          const upperDepth = top - (portalZ + portalHalf);
          const lowerDepth = (portalZ - portalHalf) - bottom;
          addBox('walls', 'shell-gray', [x, openingHeight + headerHeight / 2, portalZ], [0.25, headerHeight, 2.2], metadata(`${side}-portal-header-${index + 1}`, 'portal-header'));
          addBox('walls', 'shell-gray', [x, wallHeight / 2, (top + portalZ + portalHalf) / 2], [0.25, wallHeight, upperDepth], metadata(`${side}-corridor-upper-${index + 1}`, 'corridor-wall'));
          addBox('walls', 'shell-gray', [x, wallHeight / 2, (portalZ - portalHalf + bottom) / 2], [0.25, wallHeight, lowerDepth], metadata(`${side}-corridor-lower-${index + 1}`, 'corridor-wall'));
        }
      }
    
      // Auditorium separators make all eight masses legible even with roofs hidden.
      for (const [z, height] of [[2, 8.8], [-5.3, 8], [-12.6, 8], [-18.5, 7.2]]) {
        addBox('walls', 'shell-gray', [-16.65, height / 2, z], [25.7, height, 0.2], metadata(`west-divider-${z}`, 'auditorium-divider'));
        addBox('walls', 'shell-gray', [16.65, height / 2, z], [25.7, height, 0.2], metadata(`east-divider-${z}`, 'auditorium-divider'));
      }
    
      // Rear technical construction: room dividers plus a separating wall with four true openings.
      for (const room of plan.structural.rearTechnical.rooms) {
        for (const x of room.bounds.x) {
          addBox(
            'walls',
            'shell-gray',
            [x, room.height / 2, centre(room.bounds.z)],
            [room.wallThickness, room.height, extent(room.bounds.z)],
            room.metadata,
          );
        }
      }
      const serviceDoors = [...plan.structural.rearTechnical.serviceDoors]
        .sort((left, right) => left.position[0] - right.position[0]);
      let rearWallCursor = -29.6;
      for (const door of serviceDoors) {
        const halfWidth = door.opening.clearWidth / 2;
        const openingMinimum = door.position[0] - halfWidth;
        const openingMaximum = door.position[0] + halfWidth;
        if (openingMinimum > rearWallCursor) {
          addBox(
            'walls',
            'shell-gray',
            [(rearWallCursor + openingMinimum) / 2, 2.25, -20.1],
            [openingMinimum - rearWallCursor, 4.5, 0.2],
            structuralMetadata(`rear-separation-${door.id}-before`, 'rear-separating-wall'),
          );
        }
        const headerHeight = 4.5 - door.opening.clearHeight;
        addBox(
          'walls',
          'shell-gray',
          [door.position[0], door.opening.clearHeight + headerHeight / 2, -20.1],
          [door.opening.clearWidth, headerHeight, 0.2],
          structuralMetadata(`${door.id}-opening-header`, 'service-opening-header'),
        );
        rearWallCursor = openingMaximum;
      }
      if (rearWallCursor < 29.6) {
        addBox(
          'walls',
          'shell-gray',
          [(rearWallCursor + 29.6) / 2, 2.25, -20.1],
          [29.6 - rearWallCursor, 4.5, 0.2],
          structuralMetadata('rear-separation-final', 'rear-separating-wall'),
        );
      }
      for (const door of serviceDoors) {
        const { clearWidth, clearHeight } = door.opening;
        const { jambThickness, headThickness, depth } = door.frame;
        for (const direction of [-1, 1]) {
          addBox(
            'architecture',
            'structural-steel',
            [door.position[0] + direction * (clearWidth / 2 + jambThickness / 2), clearHeight / 2, door.position[2]],
            [jambThickness, clearHeight, depth],
            { ...door.metadata, component: 'jamb' },
          );
        }
        addBox(
          'architecture',
          'structural-steel',
          [door.position[0], clearHeight + headThickness / 2, door.position[2]],
          [clearWidth + jambThickness * 2, headThickness, depth],
          { ...door.metadata, component: 'head' },
        );
        addBox(
          'architecture',
          'service-door',
          door.position,
          [clearWidth - 0.08, clearHeight - 0.06, door.door.thickness],
          { ...door.metadata, component: 'door-leaf' },
        );
        addBox(
          'architecture',
          'structural-steel',
          [door.position[0], door.threshold.height / 2, door.position[2]],
          [clearWidth + jambThickness * 2, door.threshold.height, door.threshold.depth],
          { ...door.metadata, component: 'threshold' },
        );
      }
    
      // Façade structure: attached marquee/sign supports and five framed glazed entries.
      addBox('architecture', 'brand-red', plan.facade.marquee.position, plan.facade.marquee.size, plan.facade.marquee.metadata);
      addBox('architecture', 'identity-white', plan.facade.identity.position, plan.facade.identity.size, plan.facade.identity.metadata);
      for (const support of plan.structural.facade.marqueeSupports) {
        addBox('architecture', 'brand-red', support.position, support.size, support.metadata);
      }
      for (const support of plan.structural.facade.signSupports) {
        addBox('architecture', 'facade-frame-charcoal', support.position, support.size, support.metadata);
      }
      for (const entrance of plan.structural.facade.entranceAssemblies) {
        const { clearWidth, clearHeight } = entrance.opening;
        const { jambThickness, headThickness, depth } = entrance.frame;
        for (const direction of [-1, 1]) {
          addBox(
            'architecture',
            'facade-frame-charcoal',
            [entrance.position[0] + direction * (clearWidth / 2 + jambThickness / 2), clearHeight / 2, entrance.position[2]],
            [jambThickness, clearHeight, depth],
            { ...entrance.metadata, component: 'jamb' },
          );
        }
        addBox(
          'architecture',
          'facade-frame-charcoal',
          [entrance.position[0], clearHeight + headThickness / 2, entrance.position[2]],
          [clearWidth + jambThickness * 2, headThickness, depth],
          { ...entrance.metadata, component: 'head' },
        );
        addBox(
          'architecture',
          'glass-blue',
          [entrance.position[0], clearHeight / 2, entrance.position[2]],
          [clearWidth - 0.08, clearHeight - 0.08, entrance.glazing.thickness],
          { ...entrance.metadata, component: 'glazed-leaf' },
        );
        addBox(
          'architecture',
          entrance.opening.accessible ? 'accessible-yellow' : 'facade-frame-charcoal',
          [entrance.position[0], 0.04, entrance.position[2]],
          [clearWidth + jambThickness * 2, 0.08, depth],
          { ...entrance.metadata, component: 'entry-threshold' },
        );
      }
    
      // Eight framed acoustic double-leaf assemblies sit inside the true corridor openings.
      for (const assembly of plan.structural.portalAssemblies) {
        const portal = plan.portals.find(({ id }) => id === assembly.portalId);
        const { clearWidth, clearHeight } = assembly.opening;
        const { jambThickness, headThickness, depth } = assembly.frame;
        const leafWidth = (clearWidth - 0.08) / 2;
        for (const direction of [-1, 1]) {
          addBox(
            'architecture',
            'structural-steel',
            [assembly.position[0], clearHeight / 2, assembly.position[2] + direction * (clearWidth / 2 + jambThickness / 2)],
            [depth, clearHeight, jambThickness],
            { ...assembly.metadata, component: 'jamb' },
          );
          addBox(
            'architecture',
            'portal-dark',
            [assembly.position[0], clearHeight / 2, assembly.position[2] + direction * (leafWidth / 2 + 0.02)],
            [assembly.door.thickness, clearHeight - 0.06, leafWidth],
            { ...assembly.metadata, component: 'acoustic-leaf', leaf: direction },
          );
        }
        addBox(
          'architecture',
          'structural-steel',
          [assembly.position[0], clearHeight + headThickness / 2, assembly.position[2]],
          [depth, headThickness, clearWidth + jambThickness * 2],
          { ...assembly.metadata, component: 'head' },
        );
        addBox(
          'architecture',
          'structural-steel',
          [assembly.position[0], assembly.threshold.height / 2, assembly.position[2]],
          [assembly.threshold.depth, assembly.threshold.height, clearWidth + jambThickness * 2],
          { ...assembly.metadata, component: 'threshold' },
        );
        addBox('architecture', 'portal-red', [portal.position[0], 2.62, portal.position[2]], [0.22, 0.32, portal.width], structuralMetadata(`${portal.id}-header`, 'portal-sign'));
        const roomNumber = portal.metadata.roomNumber;
        const signX = portal.position[0] + (portal.side === 'west' ? 0.14 : -0.14);
        const direction = portal.side === 'west' ? 1 : -1;
        const positions = {
          top: [signX, 3.18, portal.position[2]],
          mid: [signX, 2.98, portal.position[2]],
          bottom: [signX, 2.78, portal.position[2]],
          tl: [signX, 3.08, portal.position[2] + direction * 0.11],
          tr: [signX, 3.08, portal.position[2] - direction * 0.11],
          bl: [signX, 2.88, portal.position[2] + direction * 0.11],
          br: [signX, 2.88, portal.position[2] - direction * 0.11],
        };
        for (const segment of digitSegments(roomNumber)) {
          const horizontal = ['top', 'mid', 'bottom'].includes(segment);
          addBox(
            'labels',
            'identity-white',
            positions[segment],
            horizontal ? [0.08, 0.055, 0.24] : [0.08, 0.16, 0.055],
            metadata(`sala-${roomNumber}-digit-${segment}`, 'room-number'),
          );
        }
      }
    
      // Exterior emergency openings receive acoustic leaves and frames without filling the wall void.
      for (const door of plan.structural.emergencyDoors) {
        const { clearWidth, clearHeight } = door.opening;
        const { jambThickness, headThickness, depth } = door.frame;
        for (const direction of [-1, 1]) {
          addBox(
            'architecture',
            'structural-steel',
            [door.position[0], clearHeight / 2, door.position[2] + direction * (clearWidth / 2 + jambThickness / 2)],
            [depth, clearHeight, jambThickness],
            { ...door.metadata, component: 'jamb' },
          );
        }
        addBox(
          'architecture',
          'structural-steel',
          [door.position[0], clearHeight + headThickness / 2, door.position[2]],
          [depth, headThickness, clearWidth + jambThickness * 2],
          { ...door.metadata, component: 'head' },
        );
        addBox(
          'architecture',
          'service-door',
          door.position,
          [door.door.thickness, clearHeight - 0.06, clearWidth - 0.08],
          { ...door.metadata, component: 'emergency-leaf' },
        );
        addBox(
          'architecture',
          'structural-steel',
          [door.position[0], door.threshold.height / 2, door.position[2]],
          [door.threshold.depth, door.threshold.height, clearWidth + jambThickness * 2],
          { ...door.metadata, component: 'threshold' },
        );
      }
    
      // Reserved shell sleeves prove future containment locations without building later assets.
      for (const sleeve of plan.structural.containment.futureSleeves) {
        addBox('architecture', 'containment-orange', sleeve.position, sleeve.size, sleeve.metadata);
      }
      for (const route of plan.structural.roofService.routes) {
        addBox('architecture', 'hood-steel', route.plenum.position, route.plenum.size, route.plenum.metadata);
        addBox('architecture', 'structural-steel', route.main.position, route.main.size, route.main.metadata);
        addBox('architecture', 'containment-orange', route.sleeve.position, route.sleeve.size, route.sleeve.metadata);
        addBox(
          'architecture',
          'containment-orange',
          [route.plenum.socketPosition[0], 8.26, route.plenum.socketPosition[2]],
          [0.7, 0.42, 0.7],
          { ...route.plenum.metadata, component: 'plenum-main-overlap-collar' },
        );
      }
    
      // SURFACE-owned response stays restrained and batched: joints, seals, hardware,
      // floor pattern and roof cues explain construction without changing accepted massing.
      for (const [panelIndex, x] of [-26.5, -22.5, -18.5, 18.5, 22.5, 26.5].entries()) {
        for (const [rowIndex, y] of [0.75, 2.12, 3.49].entries()) {
          addBox(
            'architecture',
            (panelIndex + rowIndex) % 2 ? 'surface-concrete-a' : 'surface-concrete-b',
            [x, y, 22.525],
            [3.72, 1.18, 0.035],
            surfaceMetadata(`facade-breakup-${panelIndex + 1}-${rowIndex + 1}`, 'facade-breakup', REQUIREMENT_FACADE),
          );
        }
      }
      for (const [index, x] of [-28, -24, -20, -17, -11, 11, 17, 20, 24, 28].entries()) {
        addBox(
          'architecture',
          'surface-dark',
          [x, 2.2, 22.555],
          [0.045, 4.15, 0.035],
          surfaceMetadata(`facade-panel-joint-${index + 1}`, 'wall-joint'),
        );
      }
      for (const [index, y] of [1.45, 3.05].entries()) {
        addBox(
          'architecture',
          'surface-dark',
          [0, y, 22.56],
          [59.2, 0.035, 0.04],
          surfaceMetadata(`facade-horizontal-joint-${index + 1}`, 'wall-joint'),
        );
      }
      for (const entrance of plan.structural.facade.entranceAssemblies) {
        addBox(
          'architecture',
          'surface-white',
          [entrance.position[0], 1.12, entrance.position[2] + 0.025],
          [entrance.opening.clearWidth - 0.12, 0.075, 0.035],
          surfaceMetadata(`${entrance.id}-safety-band`, 'glass-safety-band', REQUIREMENT_FACADE),
        );
        for (const direction of [-1, 1]) {
          addBox(
            'architecture',
            'surface-white',
            [entrance.position[0] + direction * entrance.opening.clearWidth * 0.28, 1.12, entrance.position[2] + 0.03],
            [0.13, 0.16, 0.04],
            surfaceMetadata(`${entrance.id}-safety-marker-${direction}`, 'glass-safety-band', REQUIREMENT_FACADE),
          );
        }
        for (const direction of [-1, 1]) {
          addBox(
            'architecture',
            'surface-metal',
            [entrance.position[0] + direction * 0.17, 1.12, entrance.position[2] + 0.06],
            [0.035, 0.68, 0.045],
            surfaceMetadata(`${entrance.id}-handle-${direction}`, 'door-hardware', REQUIREMENT_FACADE),
          );
        }
        addBox(
          'architecture',
          'surface-metal',
          [entrance.position[0] + 0.27, 1.02, entrance.position[2] + 0.065],
          [0.1, 0.16, 0.055],
          surfaceMetadata(`${entrance.id}-lock`, 'door-hardware', REQUIREMENT_FACADE),
        );
        addBox(
          'architecture',
          'surface-metal',
          [entrance.position[0], 0.095, entrance.position[2] + 0.025],
          [entrance.opening.clearWidth + 0.16, 0.035, 0.32],
          surfaceMetadata(`${entrance.id}-surface-threshold`, 'door-hardware', REQUIREMENT_FACADE),
        );
      }
      for (const assembly of plan.structural.portalAssemblies) {
        const { clearWidth, clearHeight } = assembly.opening;
        for (const direction of [-1, 1]) {
          addBox(
            'architecture',
            'surface-seal',
            [assembly.position[0], clearHeight / 2, assembly.position[2] + direction * (clearWidth / 2 - 0.035)],
            [assembly.door.thickness + 0.035, clearHeight - 0.05, 0.055],
            surfaceMetadata(`${assembly.id}-seal-${direction}`, 'portal-seal'),
          );
        }
        addBox(
          'architecture',
          'surface-seal',
          [assembly.position[0], clearHeight - 0.035, assembly.position[2]],
          [assembly.door.thickness + 0.035, 0.055, clearWidth - 0.06],
          surfaceMetadata(`${assembly.id}-head-seal`, 'portal-seal'),
        );
      }
    
      for (const [index, z] of [11.4, 14.4, 17.4, 20.4].entries()) {
        addBox(
          'architecture',
          'surface-dark',
          [0, 0.048, z],
          [58.2, 0.012, 0.025],
          surfaceMetadata(`public-floor-joint-z-${index + 1}`, 'floor-joint'),
        );
      }
      for (const [index, x] of [-24, -18, -12, -6, 0, 6, 12, 18, 24].entries()) {
        addBox(
          'architecture',
          'surface-dark',
          [x, 0.048, 16.5],
          [0.025, 0.012, 10.8],
          surfaceMetadata(`public-floor-joint-x-${index + 1}`, 'floor-joint'),
        );
      }
      for (const [index, x] of [-8.2, -2.75, 2.75, 8.2].entries()) {
        addBox(
          'architecture',
          'surface-pos',
          [x, 2.28, 16.77],
          [1.2 + (index % 2) * 0.18, 0.62, 0.12],
          surfaceMetadata(`concession-pos-${index + 1}`, 'pos-cue', REQUIREMENT_FACADE, { variant: index }),
        );
        addBox(
          'architecture',
          'surface-metal',
          [x, 1.88, 16.7],
          [0.16, 0.34, 0.16],
          surfaceMetadata(`concession-pos-stand-${index + 1}`, 'pos-cue', REQUIREMENT_FACADE),
        );
      }
      for (const [index, x] of [-10.4, -6.4, 6.4, 10.4].entries()) {
        const height = index % 2 ? 1.55 : 1.85;
        addBox(
          'architecture',
          index % 2 ? 'surface-service' : 'surface-seal',
          [x, height / 2 + 0.16, 14.72],
          [1.35 + (index % 2) * 0.3, height, 0.72],
          surfaceMetadata(`snack-machine-${index + 1}`, 'snack-machine-cue', REQUIREMENT_FACADE, { variant: index }),
        );
        addBox(
          'architecture',
          'surface-pos',
          [x, height * 0.65, 15.09],
          [0.85, 0.34, 0.05],
          surfaceMetadata(`snack-machine-face-${index + 1}`, 'snack-machine-cue', REQUIREMENT_FACADE),
        );
      }
      for (const [index, x] of [-24, -20.5, -17].entries()) {
        addBox(
          'architecture',
          'surface-pos',
          [x, 1.25, 19.86],
          [1.15, 1.4, 0.1],
          surfaceMetadata(`ticket-kiosk-face-${index + 1}`, 'pos-cue', REQUIREMENT_FACADE, { variant: index }),
        );
      }
      addBox(
        'architecture',
        'hood-steel',
        [-8.5, 2.08, 12.5],
        [11.7, 0.12, 3],
        surfaceMetadata('kitchen-stainless-worktop', 'kitchen-service-cue', REQUIREMENT_FACADE),
      );
      for (const [index, x] of [-12.7, -10.4, -8.1, -5.8].entries()) {
        addBox(
          'architecture',
          index % 2 ? 'surface-service' : 'surface-dark',
          [x, 1.15, 14.08],
          [1.9, 1.45, 0.08],
          surfaceMetadata(`kitchen-cabinet-face-${index + 1}`, 'kitchen-service-cue', REQUIREMENT_FACADE, { variant: index }),
        );
        addBox(
          'architecture',
          'surface-metal',
          [x + 0.62, 1.15, 14.14],
          [0.06, 0.34, 0.04],
          surfaceMetadata(`kitchen-cabinet-pull-${index + 1}`, 'kitchen-service-cue', REQUIREMENT_FACADE),
        );
      }
      addBox(
        'architecture',
        'surface-marking',
        [-8.5, 0.055, 14.35],
        [9.5, 0.02, 0.09],
        surfaceMetadata('kitchen-service-floor-mark', 'kitchen-service-cue', REQUIREMENT_FACADE),
      );
      for (const door of plan.structural.emergencyDoors) {
        addBox(
          'architecture',
          'surface-marking',
          [door.side === 'west' ? -29.42 : 29.42, 0.055, door.position[2]],
          [0.7, 0.02, 0.12],
          surfaceMetadata(`${door.id}-exit-floor-mark`, 'exit-sign'),
        );
      }
      for (const door of plan.structural.rearTechnical.serviceDoors) {
        addBox(
          'architecture',
          'surface-service',
          [door.position[0], 0.065, -19.82],
          [door.opening.clearWidth, 0.03, 0.12],
          surfaceMetadata(`${door.id}-service-floor-mark`, 'service-sign'),
        );
      }
      for (let index = 0; index < 12; index += 1) {
        const z = 8.5 - index * 2.25;
        for (const direction of [-1, 1]) {
          addBox(
            'architecture',
            'surface-carpet',
            [direction * 1.45, 0.052, z],
            [2.25, 0.016, 0.085],
            surfaceMetadata(`corridor-carpet-chevron-${index + 1}-${direction}`, 'carpet-pattern'),
            direction * Math.PI * 0.18,
          );
        }
      }
      for (const room of plan.auditoriums) {
        const panelHeight = Math.min(3.8, room.height - 0.8);
        const minimumX = Math.min(...room.bounds.x) + 1.8;
        const maximumX = Math.max(...room.bounds.x) - 1.8;
        for (const [wallIndex, z] of [
          Math.min(...room.bounds.z) + 0.14,
          Math.max(...room.bounds.z) - 0.14,
        ].entries()) {
          for (let panelIndex = 0; panelIndex < 5; panelIndex += 1) {
            const x = minimumX + (maximumX - minimumX) * (panelIndex / 4);
            addBox(
              'architecture',
              panelIndex % 2 ? 'surface-seal' : 'surface-dark',
              [x, panelHeight / 2 + 0.35, z],
              [1.05, panelHeight, 0.09],
              surfaceMetadata(`${room.id}-acoustic-panel-${wallIndex + 1}-${panelIndex + 1}`, 'acoustic-panel-rhythm'),
            );
          }
        }
        for (const zDirection of [-1, 1]) {
          addBox(
            'architecture',
            'surface-marking',
            [centre(room.bounds.x), 0.175, centre(room.bounds.z) + zDirection * 0.62],
            [extent(room.bounds.x) - 2.6, 0.018, 0.055],
            surfaceMetadata(`${room.id}-aisle-edge-${zDirection}`, 'aisle-marking'),
          );
        }
        for (let markIndex = 0; markIndex < 6; markIndex += 1) {
          const t = (markIndex + 1) / 7;
          const west = room.bounds.x[1] < 0;
          const x = west
            ? room.bounds.x[1] - t * (extent(room.bounds.x) - 2.8)
            : room.bounds.x[0] + t * (extent(room.bounds.x) - 2.8);
          const z = centre(room.bounds.z) + ((markIndex % 3) - 1) * 1.15;
          addBox(
            'architecture',
            'surface-carpet',
            [x, 0.054, z],
            [1.35 + (markIndex % 2) * 0.35, 0.016, 0.055],
            surfaceMetadata(`${room.id}-carpet-breakup-${markIndex + 1}`, 'carpet-pattern'),
            (markIndex % 2 ? 1 : -1) * Math.PI * (0.08 + markIndex * 0.006),
          );
        }
      }
    
      for (const [index, z] of [11.2, 13.8, 16.4, 19, 21.6].entries()) {
        addBox(
          'roof',
          'surface-dark',
          [0, 4.735, z],
          [59.2, 0.035, 0.045],
          surfaceMetadata(`public-roof-seam-${index + 1}`, 'roof-seam'),
        );
      }
      for (const room of plan.auditoriums) {
        addBox(
          'roof',
          'surface-dark',
          [centre(room.bounds.x), room.height + 0.235, centre(room.bounds.z)],
          [extent(room.bounds.x) - 0.8, 0.035, 0.05],
          surfaceMetadata(`${room.id}-roof-seam`, 'roof-seam'),
        );
      }
      for (const sleeve of plan.structural.containment.futureSleeves) {
        const [x, y, z] = sleeve.position;
        for (const [axis, direction] of [['x', -1], ['x', 1], ['z', -1], ['z', 1]]) {
          const alongX = axis === 'x';
          addBox(
            'roof',
            'surface-marking',
            [x + (alongX ? direction * 0.38 : 0), y + 0.12, z + (!alongX ? direction * 0.38 : 0)],
            alongX ? [0.08, 0.24, 0.84] : [0.84, 0.24, 0.08],
            surfaceMetadata(`${sleeve.id}-curb-${axis}-${direction}`, 'roof-curb'),
          );
        }
        addBox(
          'roof',
          'surface-white',
          [x, y + 0.255, z],
          [0.42, 0.025, 0.12],
          surfaceMetadata(`${sleeve.id}-surface-marking`, 'containment-marking'),
        );
      }
      for (const route of plan.structural.roofService.routes) {
        const [x, , z] = route.plenum.position;
        for (const [axis, direction] of [['x', -1], ['x', 1], ['z', -1], ['z', 1]]) {
          const alongX = axis === 'x';
          addBox(
            'roof',
            direction > 0 ? 'surface-white' : 'surface-service',
            [x + (alongX ? direction * 0.53 : 0), 8.285, z + (!alongX ? direction * 0.63 : 0)],
            alongX ? [0.08, 0.05, 1.32] : [1.12, 0.05, 0.08],
            surfaceMetadata(`${route.id}-flashing-${axis}-${direction}`, 'roof-curb'),
          );
        }
        for (const [markIndex, markZ] of [-10.9, -8.6, -6.7].entries()) {
          addBox(
            'roof',
            markIndex === 1 ? 'surface-white' : 'surface-marking',
            [x, 8.735, markZ],
            [0.98, 0.025, 0.09],
            surfaceMetadata(`${route.id}-service-band-${markIndex + 1}`, 'containment-marking'),
          );
        }
      }
    
      // Simple metre-scaled people make doors, counters and equipment readable without detail assets.
      for (const person of plan.structural.humanReferences) {
        const [x, groundY, z] = person.position;
        const legHeight = person.height * 0.42;
        const torsoHeight = person.height * 0.38;
        const headHeight = person.height * 0.16;
        for (const direction of [-1, 1]) {
          addBox(
            'architecture',
            'human-dark',
            [x + direction * 0.09, groundY + legHeight / 2, z],
            [0.13, legHeight, 0.16],
            { ...person.metadata, component: 'leg', side: direction },
          );
        }
        addBox(
          'architecture',
          'human-neutral',
          [x, groundY + legHeight + torsoHeight / 2, z],
          [0.42, torsoHeight, 0.22],
          { ...person.metadata, component: 'torso' },
        );
        addBox(
          'architecture',
          'human-neutral',
          [x, groundY + person.height - headHeight / 2, z],
          [0.25, headHeight, 0.25],
          { ...person.metadata, component: 'head' },
        );
      }
    
      // Real-scale structural device bodies rely on screen-space labels for evidence legibility.
      for (const device of plan.structural.devices.tc300) {
        addBox('hvac', device.materialKey, device.position, device.size, device.metadata);
        addBox('hvac', 'tc-blue', [device.position[0], device.position[1] + 0.048, device.position[2]], [0.082, 0.012, 0.03], {
          ...device.metadata,
          component: 'status-cap',
        });
      }
      for (const device of plan.structural.devices.uc100) {
        addBox('hvac', device.materialKey, device.position, device.size, device.metadata);
      }
      const gateway = plan.structural.devices.ug67[0];
      addBox('hvac', gateway.materialKey, gateway.position, gateway.size, gateway.metadata);
      for (const antenna of plan.structural.containment.ug67AntennaRoots) {
        addBox('hvac', 'containment-orange', antenna.socketPosition, [0.045, 0.03, 0.045], {
          ...antenna.metadata,
          component: 'seated-socket-collar',
        });
        addBox('hvac', 'lorawan-blue', [
          antenna.socketPosition[0],
          antenna.socketPosition[1] + gateway.antennaLength / 2,
          antenna.socketPosition[2],
        ], [0.018, gateway.antennaLength, 0.018], {
          ...antenna.metadata,
          component: 'antenna',
        });
      }
      for (const root of plan.structural.containment.uc100BusRoots) {
        addBox('hvac', 'containment-orange', root.socketPosition, [0.12, 0.1, 0.1], root.metadata);
      }
      const ethernetPort = plan.structural.containment.ug67EthernetPort;
      addBox('hvac', 'ethernet-blue', ethernetPort.position, [0.06, 0.045, 0.035], ethernetPort.metadata);
      for (const node of plan.topologyProxies.external) {
        addBox('hvac', node.materialKey, node.position, node.size, node.metadata);
      }
      for (const route of plan.structural.containment.rs485Routes) {
        addAxisPolyline('rs485', 'hood-steel', route.points, 0.24, {
          ...route.metadata,
          component: 'continuous-cable-tray',
        });
        addAxisPolyline('rs485', 'rs485-green', route.points, 0.11, route.metadata);
        for (const point of route.points) {
          addBox('rs485', 'containment-orange', point, [0.2, 0.18, 0.2], {
            ...route.metadata,
            component: point === route.points[0] ? 'uc-terminal-contact' : 'tray-junction-contact',
          });
        }
        const arrowStart = route.points.at(-2);
        const arrowEnd = route.points.at(-1);
        addSurfaceArrowhead(
          'rs485',
          arrowStart,
          arrowEnd,
          `${route.id}-direction`,
        );
      }
      for (const drop of plan.structural.containment.tc300Drops) {
        const points = drop.points.map(({ position }) => position);
        addAxisPolyline('rs485', 'hood-steel', points, 0.18, {
          ...drop.metadata,
          component: 'drop-cable-tray',
        });
        addAxisPolyline('rs485', 'rs485-green', points, 0.08, drop.metadata);
        addBox('rs485', 'containment-orange', points[0], [0.18, 0.14, 0.18], {
          ...drop.metadata,
          component: 'tray-junction',
        });
        addBox('rs485', 'containment-orange', points.at(-1), [0.12, 0.12, 0.08], {
          ...drop.metadata,
          component: 'tc300-terminal-contact',
        });
      }
      for (const crossing of plan.structural.containment.wallCrossings) {
        addBox('rs485', 'containment-orange', crossing.position, crossing.size, crossing.metadata);
      }
      for (const [linkIndex, link] of plan.topologyProxies.lorawanLinks.entries()) {
        const points = [link.start, ...link.via, link.renderEnd];
        for (let index = 0; index < points.length - 1; index += 1) {
          addDashedSegment('lorawan', 'lorawan-blue', points[index], points[index + 1], 0.14, {
            ...link.metadata,
            laneSegment: index,
          });
        }
        const arrowStart = points.at(-2);
        const arrowEnd = points.at(-1);
        const terminalT = [0.48, 0.62, 0.79, 0.9][linkIndex];
        if (!isDirectionMarkerSampleVisibleOnDashedRoute(terminalT)) {
          throw new RangeError(`LoRa direction marker ${link.id} must touch a rendered dash.`);
        }
        addSurfaceArrowhead(
          'lorawan',
          arrowStart,
          arrowEnd,
          `${link.id}-direction`,
          { terminalT },
        );
      }
      const chain = plan.topologyProxies.ipChain;
      addAxisPolyline(
        'internet',
        'ethernet-blue',
        plan.structural.containment.ug67EthernetRoute.points,
        0.12,
        plan.structural.containment.ug67EthernetRoute.metadata,
      );
      addSurfaceArrowhead(
        'internet',
        plan.structural.containment.ug67EthernetRoute.points.at(-2),
        plan.structural.containment.ug67EthernetRoute.points.at(-1),
        'ug67-niagara-direction',
      );
      for (let index = 1; index < chain.points.length - 1; index += 1) {
        addSegment('internet', 'ethernet-blue', chain.points[index], chain.points[index + 1], 0.16, {
          ...chain.metadata,
          segmentIndex: index,
        });
      }
      for (const branch of chain.clientBranches) {
        addSegment('internet', 'ethernet-blue', branch.start, branch.end, 0.12, chain.metadata);
      }
    
      // One generated atlas and six merged batches cover all wordmarks, signs, posters
      // and menu frames. This avoids one texture and one draw call per graphic.
      const screenSurfaceEntries = (frame) => plan.auditoriums.map((room) => {
        const proxy = plan.blockoutProxies.auditoriums.find(({ auditoriumId }) => auditoriumId === room.id);
        const west = room.bounds.x[1] < 0;
        const screenX = west ? room.bounds.x[0] + 0.55 : room.bounds.x[1] - 0.55;
        return {
          id: `${room.id}-screen-content-${frame}`,
          tile: `screen-${frame}`,
          position: [screenX + (west ? 0.101 : -0.101), 0.3 + proxy.screenSize[1] / 2, centre(room.bounds.z)],
          size: [proxy.screenSize[2] * 0.9, proxy.screenSize[1] * 0.88],
          rotationY: west ? Math.PI / 2 : -Math.PI / 2,
          metadata: surfaceMetadata(`${room.id}-screen-content-${frame}`, 'screen-content', REQUIREMENT_ARCHITECTURE, { frame }),
        };
      });
      const atlasBatchDefinitions = {
        identity: [{
          id: 'facade-cinemex-word-sign', tile: 'cinemex',
          position: [0, 5.18, 23.185], size: [11.8, 0.78], rotationY: 0,
          metadata: surfaceMetadata('facade-cinemex-word-sign', 'facade-word-sign', REQUIREMENT_FACADE),
        }],
        labels: [
          ...plan.portals.map((portal) => ({
            id: `${portal.id}-room-number-plate`,
            tile: `room-${portal.metadata.roomNumber}`,
            position: [portal.side === 'west' ? -3.54 : 3.54, 3.03, portal.position[2]],
            size: [0.62, 0.62],
            rotationY: portal.side === 'west' ? Math.PI / 2 : -Math.PI / 2,
            metadata: surfaceMetadata(`${portal.id}-room-number-plate`, 'room-number'),
          })),
          ...plan.structural.rearTechnical.serviceDoors.map((door) => ({
            id: `${door.id}-service-sign`, tile: 'service',
            position: [door.position[0], 2.55, -19.96], size: [1.35, 0.45], rotationY: 0,
            metadata: surfaceMetadata(`${door.id}-service-sign`, 'service-sign'),
          })),
          ...plan.structural.emergencyDoors.map((door) => ({
            id: `${door.id}-exit-sign`, tile: 'exit',
            position: [door.side === 'west' ? -29.84 : 29.84, 2.62, door.position[2]],
            size: [1.05, 0.42],
            rotationY: door.side === 'west' ? Math.PI / 2 : -Math.PI / 2,
            metadata: surfaceMetadata(`${door.id}-exit-sign`, 'exit-sign'),
          })),
          ...plan.structural.containment.wallCrossings.slice(0, 4).map((crossing) => ({
            id: `${crossing.id}-marking`, tile: 'rs485',
            position: [crossing.position[0] + (crossing.position[0] < 0 ? 0.16 : -0.16), 2.12, crossing.position[2]],
            size: [0.7, 0.25],
            rotationY: crossing.position[0] < 0 ? Math.PI / 2 : -Math.PI / 2,
            metadata: surfaceMetadata(`${crossing.id}-marking`, 'containment-marking'),
          })),
        ],
        poster0: plan.portals.map((portal) => ({
          id: `${portal.id}-poster-frame-0`, tile: 'poster-0',
          position: [portal.side === 'west' ? -3.545 : 3.545, 1.35, portal.position[2] + 1.65],
          size: [1.05, 1.5],
          rotationY: portal.side === 'west' ? Math.PI / 2 : -Math.PI / 2,
          metadata: surfaceMetadata(`${portal.id}-poster-frame-0`, 'poster-placeholder', REQUIREMENT_ARCHITECTURE, { frame: 0 }),
        })),
        poster1: plan.portals.map((portal) => ({
          id: `${portal.id}-poster-frame-1`, tile: 'poster-1',
          position: [portal.side === 'west' ? -3.545 : 3.545, 1.35, portal.position[2] + 1.65],
          size: [1.05, 1.5],
          rotationY: portal.side === 'west' ? Math.PI / 2 : -Math.PI / 2,
          metadata: surfaceMetadata(`${portal.id}-poster-frame-1`, 'poster-placeholder', REQUIREMENT_ARCHITECTURE, { frame: 1 }),
        })),
        display0: [
          ...[-8, 0, 8].map((x, index) => ({
            id: `concession-menu-${index + 1}-frame-0`, tile: ['display-0', 'display-0b', 'display-0c'][index],
            position: [x, 3.35, 16.76], size: [5.2, 1.4], rotationY: 0,
            metadata: surfaceMetadata(`concession-menu-${index + 1}-frame-0`, 'menu-display', REQUIREMENT_FACADE, { frame: 0 }),
          })),
          ...screenSurfaceEntries(0),
        ],
        display1: [
          ...[-8, 0, 8].map((x, index) => ({
            id: `concession-menu-${index + 1}-frame-1`, tile: ['display-1', 'display-1b', 'display-1c'][index],
            position: [x, 3.35, 16.76], size: [5.2, 1.4], rotationY: 0,
            metadata: surfaceMetadata(`concession-menu-${index + 1}-frame-1`, 'menu-display', REQUIREMENT_FACADE, { frame: 1 }),
          })),
          ...screenSurfaceEntries(1),
        ],
      };
      const surfacePlacements = Object.entries(atlasBatchDefinitions).flatMap(([batchName, entries]) => (
        entries.map((entry) => Object.freeze({
          id: entry.id,
          kind: entry.metadata.kind,
          parentLayer: batchName === 'labels' ? 'labels' : 'architecture',
          localSpace: 'world-root',
          visibilityOnly: true,
          position: [...entry.position],
          size: [...entry.size],
          rotationY: entry.rotationY ?? 0,
        }))
      ));
      validateSurfacePlacements(surfacePlacements);
    
      const dummy = new THREE.Object3D();
      const directionMarkerAxis = new THREE.Vector3(0, 0, 1);
      for (const bucket of buckets.values()) {
        const mesh = new THREE.InstancedMesh(sharedGeometry, materials[bucket.materialKey], bucket.instances.length);
        mesh.name = `structural-${bucket.layer}-${bucket.materialKey}`;
        mesh.userData = {
          assetId: ARCHITECTURE_ASSET_ID,
          pass: 'structural',
          entities: bucket.instances.map(({ metadata: entityMetadata }, instanceId) => ({ instanceId, ...entityMetadata })),
        };
        bucket.instances.forEach((instance, index) => {
          dummy.position.set(...instance.position);
          dummy.rotation.set(0, instance.rotationY, 0);
          dummy.scale.set(...instance.size);
          dummy.updateMatrix();
          mesh.setMatrixAt(index, dummy.matrix);
        });
        mesh.instanceMatrix.needsUpdate = true;
        mesh.castShadow = bucket.layer !== 'zones';
        mesh.receiveShadow = bucket.layer !== 'labels';
        groups[bucket.layer].add(mesh);
        meshes.push(mesh);
      }
    
      for (const [layer, instances] of directionMarkerBuckets) {
        const mesh = new THREE.InstancedMesh(
          directionMarkerGeometry,
          materials[SURFACE_DIRECTION_MARKER.materialKey],
          instances.length,
        );
        mesh.name = `surface-${layer}-single-arrowheads`;
        mesh.userData = {
          assetId: ARCHITECTURE_ASSET_ID,
          pass: 'surface',
          entities: instances.map(({ metadata: entityMetadata }, instanceId) => ({ instanceId, ...entityMetadata })),
          instancesPerMarker: SURFACE_DIRECTION_MARKER.instancesPerMarker,
          geometryRole: SURFACE_DIRECTION_MARKER.geometry,
          baseLength: SURFACE_DIRECTION_MARKER.length,
          baseRadius: SURFACE_DIRECTION_MARKER.radius,
          projectedMinPx: SURFACE_DIRECTION_MARKER.projectedMinPx,
          projectedMaxPx: SURFACE_DIRECTION_MARKER.projectedMaxPx,
          placements: instances,
        };
        instances.forEach((instance, index) => {
          const transform = createDirectionMarkerViewTransform(instance, 1);
          dummy.position.set(...transform.position);
          dummy.quaternion.setFromUnitVectors(
            directionMarkerAxis,
            new THREE.Vector3(...transform.axis),
          );
          dummy.scale.set(1, 1, 1);
          dummy.updateMatrix();
          mesh.setMatrixAt(index, dummy.matrix);
        });
        mesh.instanceMatrix.needsUpdate = true;
        mesh.castShadow = false;
        mesh.receiveShadow = false;
        mesh.renderOrder = 1250;
        mesh.frustumCulled = false;
        groups[layer].add(mesh);
        meshes.push(mesh);
        directionMarkerMeshes.push(mesh);
      }
    
      function createAtlasBatch(name, entries, layer) {
        if (!entries.length || !surfaceAtlas || !surfaceAtlasMaterial) return null;
        const positions = [];
        const uvs = [];
        for (const entry of entries) {
          const tile = surfaceAtlas.tiles[entry.tile];
          const halfWidth = entry.size[0] / 2;
          const halfHeight = entry.size[1] / 2;
          const cosine = Math.cos(entry.rotationY ?? 0);
          const sine = Math.sin(entry.rotationY ?? 0);
          const corners = [
            [-halfWidth, -halfHeight, tile.u0, tile.v0],
            [halfWidth, -halfHeight, tile.u1, tile.v0],
            [halfWidth, halfHeight, tile.u1, tile.v1],
            [-halfWidth, halfHeight, tile.u0, tile.v1],
          ];
          for (const cornerIndex of [0, 1, 2, 0, 2, 3]) {
            const [localX, localY, u, v] = corners[cornerIndex];
            positions.push(
              entry.position[0] + cosine * localX,
              entry.position[1] + localY,
              entry.position[2] - sine * localX,
            );
            uvs.push(u, v);
          }
        }
        const geometry = new THREE.BufferGeometry();
        geometry.setAttribute('position', new THREE.Float32BufferAttribute(positions, 3));
        geometry.setAttribute('uv', new THREE.Float32BufferAttribute(uvs, 2));
        geometry.computeVertexNormals();
        const mesh = new THREE.Mesh(geometry, surfaceAtlasMaterial);
        mesh.name = `surface-atlas-${name}`;
        mesh.renderOrder = layer === 'labels' ? 850 : 30;
        mesh.userData = {
          assetId: ARCHITECTURE_ASSET_ID,
          pass: 'surface',
          batch: name,
          entities: entries.map(({ metadata: entityMetadata }) => entityMetadata),
          placements: surfacePlacements.filter(({ id }) => entries.some((entry) => entry.id === id)),
        };
        groups[layer].add(mesh);
        surfaceMeshes.push(mesh);
        return mesh;
      }
    
      const canvasDocument = globalThis.document;
      const frameMeshes = { poster: {}, display: {} };
      if (
        canvasDocument
        && THREE.CanvasTexture
        && THREE.MeshBasicMaterial
        && THREE.BufferGeometry
        && THREE.Float32BufferAttribute
        && THREE.Mesh
      ) {
        surfaceAtlas = createSurfaceAtlas({ THREE, documentObject: canvasDocument, anisotropy: 4 });
        surfaceAtlasMaterial = new THREE.MeshBasicMaterial({
          map: surfaceAtlas.texture,
          transparent: false,
          alphaTest: 0.04,
          side: THREE.DoubleSide,
          toneMapped: false,
          depthWrite: true,
          polygonOffset: true,
          polygonOffsetFactor: -1,
        });
        createAtlasBatch('identity', atlasBatchDefinitions.identity, 'architecture');
        createAtlasBatch('labels', atlasBatchDefinitions.labels, 'labels');
        frameMeshes.poster[0] = createAtlasBatch('poster-0', atlasBatchDefinitions.poster0, 'architecture');
        frameMeshes.poster[1] = createAtlasBatch('poster-1', atlasBatchDefinitions.poster1, 'architecture');
        frameMeshes.display[0] = createAtlasBatch('display-0', atlasBatchDefinitions.display0, 'architecture');
        frameMeshes.display[1] = createAtlasBatch('display-1', atlasBatchDefinitions.display1, 'architecture');
      }
    
      // Screen-facing labels preserve true device geometry scale while making counts auditable.
      if (canvasDocument && THREE.Sprite && THREE.SpriteMaterial && THREE.CanvasTexture) {
        for (const label of [...plan.billboards.architecture, ...plan.billboards.technical]) {
          const canvas = canvasDocument.createElement('canvas');
          canvas.width = 768;
          canvas.height = 192;
          const context = canvas.getContext('2d');
          context.clearRect(0, 0, canvas.width, canvas.height);
          context.shadowColor = label.accent;
          context.shadowBlur = 28;
          context.fillStyle = 'rgba(2, 6, 23, 0.92)';
          context.strokeStyle = label.accent;
          context.lineWidth = 12;
          context.beginPath();
          context.roundRect(18, 18, canvas.width - 36, canvas.height - 36, 34);
          context.fill();
          context.stroke();
          context.shadowBlur = 0;
          context.fillStyle = '#f8fafc';
          context.font = `800 ${label.text.length > 12 ? 58 : 72}px system-ui, sans-serif`;
          context.textAlign = 'center';
          context.textBaseline = 'middle';
          context.fillText(label.text, canvas.width / 2, canvas.height / 2 + 3);
    
          const texture = new THREE.CanvasTexture(canvas);
          if ('colorSpace' in texture && THREE.SRGBColorSpace) texture.colorSpace = THREE.SRGBColorSpace;
          const material = new THREE.SpriteMaterial({
            map: texture,
            transparent: true,
            depthTest: false,
            depthWrite: false,
            toneMapped: false,
          });
          const sprite = new THREE.Sprite(material);
          sprite.name = `structural-billboard-${label.id}`;
          sprite.position.set(...label.position);
          sprite.scale.set(label.scale[0], label.scale[1], 1);
          sprite.renderOrder = 1000;
          sprite.frustumCulled = false;
          sprite.userData = {
            ...label.metadata,
            billboardKind: label.kind,
            text: label.text,
            halo: label.halo,
            visibilityScope: label.visibilityScope,
            basePosition: [...label.position],
            baseScale: [...label.scale],
            baseRenderOrder: 1000,
            activeScaleFactor: 1,
          };
          groups.labels.add(sprite);
          billboardSprites.push(sprite);
        }
      }
    
      function setSurfaceFrame({ posterFrame = 0, displayFrame = 0 } = {}) {
        const selectedPoster = posterFrame === 1 ? 1 : 0;
        const selectedDisplay = displayFrame === 1 ? 1 : 0;
        for (const frame of [0, 1]) {
          if (frameMeshes.poster[frame]) frameMeshes.poster[frame].visible = frame === selectedPoster;
          if (frameMeshes.display[frame]) frameMeshes.display[frame].visible = frame === selectedDisplay;
        }
        return Object.freeze({ posterFrame: selectedPoster, displayFrame: selectedDisplay });
      }
      setSurfaceFrame();
    
      function getSurfaceState() {
        return Object.freeze({
          placementFingerprint: surfacePlacements.map((placement) => (
            `${placement.id}:${placement.parentLayer}:${placement.position.join(',')}:${placement.size.join(',')}`
          )).join('|'),
          placements: surfacePlacements.length,
          visibleFrames: Object.freeze({
            poster0: Boolean(frameMeshes.poster[0]?.visible),
            poster1: Boolean(frameMeshes.poster[1]?.visible),
            display0: Boolean(frameMeshes.display[0]?.visible),
            display1: Boolean(frameMeshes.display[1]?.visible),
          }),
        });
      }
    
      function updateDirectionMarkerView({ camera, viewport } = {}) {
        if (!camera || !Number.isFinite(viewport?.width) || !Number.isFinite(viewport?.height)
          || viewport.width <= 0 || viewport.height <= 0) return false;
        camera.updateMatrixWorld?.(true);
        const base = new THREE.Vector3();
        const unscaledTip = new THREE.Vector3();
        const projectedBase = new THREE.Vector3();
        const projectedTip = new THREE.Vector3();
        const tangent = new THREE.Vector3();
        const project = (source, target) => {
          target.copy(source).project(camera);
          return [
            (target.x + 1) * viewport.width / 2,
            (1 - target.y) * viewport.height / 2,
          ];
        };
    
        for (const mesh of directionMarkerMeshes) {
          mesh.userData.placements.forEach((placement, index) => {
            base.set(...placement.routeAnchor);
            tangent.set(...placement.tangent).normalize();
            unscaledTip.copy(base).addScaledVector(tangent, SURFACE_DIRECTION_MARKER.length);
            const basePx = project(base, projectedBase);
            const tipPx = project(unscaledTip, projectedTip);
            const unscaledProjectedLength = Math.hypot(tipPx[0] - basePx[0], tipPx[1] - basePx[1]);
            const scale = resolveDirectionMarkerScale(unscaledProjectedLength);
            const transform = createDirectionMarkerViewTransform(placement, scale);
            dummy.position.set(...transform.position);
            dummy.quaternion.setFromUnitVectors(directionMarkerAxis, tangent);
            dummy.scale.setScalar(scale);
            dummy.updateMatrix();
            mesh.setMatrixAt(index, dummy.matrix);
    
            const entity = mesh.userData.entities[index];
            entity.activeViewScale = scale;
            entity.renderedLength = transform.renderedLength;
            entity.baseContactDistance = transform.baseContactDistance;
            entity.projectedLengthPx = unscaledProjectedLength * scale;
          });
          mesh.instanceMatrix.needsUpdate = true;
          mesh.computeBoundingSphere?.();
        }
        return true;
      }
    
      function setEvidenceCamera(cameraName, viewContext) {
        updateDirectionMarkerView(viewContext);
        const surfaceCleanCameras = new Set([
          'facade', 'grazing', 'lobby', 'concessions', 'corridor',
        ]);
        const kitchenLabelTransforms = {
          'tc-label-TC300-05': { position: [-12.75, 2.0, 11.7], scale: [0.82, 0.22] },
          'uc-label-UC100-D': { position: [-5.2, 2.0, 13.2], scale: [0.9, 0.24] },
          'bus-label-D': { position: [-5.2, 2.34, 12.6], scale: [0.9, 0.24] },
        };
    
        const materialLookdevLabels = new Set([
          'uc-label-UC100-A',
          'uc-label-UC100-B',
          'uc-label-UC100-C',
          'uc-label-UC100-D',
          'gateway-label',
          'bus-label-A',
          'bus-label-B',
          'bus-label-C',
          'bus-label-D',
        ]);
    
        for (const sprite of billboardSprites) {
          const scope = sprite.userData.visibilityScope;
          const kind = sprite.userData.billboardKind;
          sprite.position.set(...sprite.userData.basePosition);
          sprite.scale.set(sprite.userData.baseScale[0], sprite.userData.baseScale[1], 1);
          sprite.renderOrder = sprite.userData.baseRenderOrder;
          sprite.userData.activeScaleFactor = 1;
          if (cameraName === 'kitchen') {
            const transform = kitchenLabelTransforms[sprite.userData.entityId];
            sprite.visible = Boolean(transform);
            if (transform) {
              sprite.position.set(...transform.position);
              sprite.scale.set(transform.scale[0], transform.scale[1], 1);
            }
          }
          else if (surfaceCleanCameras.has(cameraName)) sprite.visible = false;
          else if (cameraName === 'sala-3') {
            sprite.visible = sprite.userData.entityId === 'sala-3-wheelchair-label';
          }
          else if (cameraName === 'neutral') {
            sprite.visible = materialLookdevLabels.has(sprite.userData.entityId);
          }
          else if (cameraName === 'reference-match') {
            sprite.visible = ['tc-label-TC300-07', 'tc-label-TC300-08'].includes(sprite.userData.entityId);
          }
          else if (cameraName === SURFACE_NETWORK_LABEL_POLICY.camera) {
            sprite.visible = SURFACE_NETWORK_LABEL_POLICY.visibleKinds.includes(kind);
            if (sprite.visible) {
              const scaleFactor = SURFACE_NETWORK_LABEL_POLICY.scaleByKind[kind] ?? 1;
              sprite.scale.set(
                sprite.userData.baseScale[0] * scaleFactor,
                sprite.userData.baseScale[1] * scaleFactor,
                1,
              );
              sprite.renderOrder = SURFACE_NETWORK_LABEL_POLICY.priorityByKind[kind] ?? 1200;
              sprite.userData.activeScaleFactor = scaleFactor;
            }
          }
          else if (scope === 'overview') {
            if (['kitchen', 'family-master', 'roof-service'].includes(cameraName)) sprite.visible = false;
            else sprite.visible = !['sala-3', 'technical', 'ug67', 'rs485-master'].includes(cameraName);
          }
          else if (scope === 'sala-3') sprite.visible = cameraName === 'sala-3';
          else if (cameraName === 'ug67') sprite.visible = sprite.userData.entityId === 'gateway-label';
          else if (cameraName === 'technical') sprite.visible = [
            'uc-label-UC100-B',
            'uc-label-UC100-C',
          ].includes(sprite.userData.entityId);
          else if (cameraName === 'family-master' || cameraName === 'roof-service') sprite.visible = false;
          else if (cameraName === 'rs485-master') sprite.visible = [
            'uc-label-UC100-A',
            'uc-label-UC100-B',
            'uc-label-UC100-C',
            'uc-label-UC100-D',
            'bus-label-A',
            'bus-label-B',
            'bus-label-C',
            'bus-label-D',
          ].includes(sprite.userData.entityId);
          else sprite.visible = true;
        }
      }
      setEvidenceCamera('isometric');
    
      function dispose() {
        for (const mesh of meshes) mesh.parent?.remove(mesh);
        for (const mesh of surfaceMeshes) {
          mesh.parent?.remove(mesh);
          mesh.geometry.dispose();
        }
        for (const sprite of billboardSprites) {
          sprite.parent?.remove(sprite);
          sprite.material.map?.dispose();
          sprite.material.dispose();
        }
        surfaceAtlasMaterial?.dispose();
        surfaceAtlas?.dispose();
        directionMarkerGeometry.dispose();
        sharedGeometry.dispose();
        for (const material of ownedMaterials) material.dispose();
      }
    
      return Object.freeze({
        assetId: ARCHITECTURE_ASSET_ID,
        pass: 'surface',
        plan,
        meshes,
        surfaceMeshes,
        surfacePlacements,
        billboards: billboardSprites,
        setEvidenceCamera,
        setSurfaceFrame,
        getSurfaceState,
        dispose,
      });
    }
    
  operator: 'match'
  stack: |-
    TestContext.<anonymous> (file:///home/cristian/prototipos/three.js/disenos/cinemex-hvac-lorawan/tests/surfaces.test.mjs:330:10)
    async Test.run (node:internal/test_runner/test:1054:7)
    async Test.processPendingSubtests (node:internal/test_runner/test:744:7)
  ...
1..12
# tests 12
# suites 0
# pass 9
# fail 3
# cancelled 0
# skipped 0
# todo 0
# duration_ms 365.004149
